mmsi,timestamp,lat,lon,sog,cog,heading,vessel_type,destination,draught,length
200000090,2024-01-01T00:00:00+00:00,53.448001,9.890435,13.4,170.5,168.8,72,ROTTERDAM,9.7,381
200000090,2024-01-01T00:08:29.086209+00:00,53.513642,9.755619,12.1,258.9,258.3,72,ROTTERDAM,9.7,381
200000090,2024-01-01T00:16:58.172418+00:00,53.499267,9.682142,12.6,202.5,205.8,72,ROTTERDAM,9.7,381
200000090,2024-01-01T00:25:27.258626+00:00,53.330806,9.612236,13.2,311.2,307.6,72,ROTTERDAM,9.7,381
200000090,2024-01-01T00:33:56.344835+00:00,53.339369,9.60247,10.8,295.8,291.9,72,ROTTERDAM,9.7,381
200000090,2024-01-01T00:42:25.431044+00:00,53.386989,9.504136,11.9,229.1,226.9,72,ROTTERDAM,9.7,381
200000090,2024-01-01T00:50:54.517253+00:00,53.340904,9.450942,13.5,266.3,268.5,72,ROTTERDAM,9.7,381
200000090,2024-01-01T00:59:23.603461+00:00,53.331996,9.314458,13.2,218.0,214.1,72,ROTTERDAM,9.7,381
200000090,2024-01-01T01:07:52.689670+00:00,53.266303,9.263151,11.9,317.6,314.9,72,ROTTERDAM,9.7,381
200000090,2024-01-01T01:16:21.775879+00:00,53.329045,9.205906,11.0,257.2,257.7,72,ROTTERDAM,9.7,381
200000090,2024-01-01T01:24:50.862088+00:00,53.300084,9.078563,17.2,215.4,218.7,72,ROTTERDAM,9.7,381
200000090,2024-01-01T01:33:19.948297+00:00,53.240615,9.036272,14.6,282.1,280.2,72,ROTTERDAM,9.7,381
200000090,2024-01-01T01:41:49.034505+00:00,53.269795,8.89974,14.8,229.1,227.0,72,ROTTERDAM,9.7,381
200000090,2024-01-01T01:50:18.120714+00:00,53.212928,8.834086,12.6,222.1,219.7,72,ROTTERDAM,9.7,381
200000090,2024-01-01T01:58:47.206923+00:00,53.122707,8.752555,11.6,287.2,283.8,72,ROTTERDAM,9.7,381
200000090,2024-01-01T02:07:16.293132+00:00,53.160229,8.631253,12.0,177.8,177.1,72,ROTTERDAM,9.7,381
200000090,2024-01-01T02:15:45.379340+00:00,53.069966,8.634796,10.4,297.9,301.8,72,ROTTERDAM,9.7,381
200000090,2024-01-01T02:24:14.465549+00:00,53.137952,8.506381,16.1,218.8,222.7,72,ROTTERDAM,9.7,381
200000090,2024-01-01T02:32:43.551758+00:00,53.067653,8.449878,12.7,241.8,242.0,72,ROTTERDAM,9.7,381
200000090,2024-01-01T02:41:12.637967+00:00,53.037026,8.392694,15.5,239.4,242.1,72,ROTTERDAM,9.7,381
200000090,2024-01-01T02:49:41.724176+00:00,52.988342,8.310386,12.1,315.7,314.4,72,ROTTERDAM,9.7,381
200000090,2024-01-01T02:58:10.810384+00:00,53.059635,8.240732,13.8,232.0,234.5,72,ROTTERDAM,9.7,381
200000090,2024-01-01T03:06:39.896593+00:00,52.9669,8.121941,13.3,248.8,253.2,72,ROTTERDAM,9.7,381
200000090,2024-01-01T03:15:08.982802+00:00,52.92933,8.025104,10.2,252.4,248.7,72,ROTTERDAM,9.7,381
200000090,2024-01-01T03:23:38.069011+00:00,52.909259,7.961686,16.4,277.2,273.7,72,ROTTERDAM,9.7,381
200000090,2024-01-01T03:32:07.155220+00:00,52.929601,7.800708,12.1,244.8,245.8,72,ROTTERDAM,9.7,381
200000090,2024-01-01T03:40:36.241428+00:00,52.897377,7.732122,10.7,253.9,252.0,72,ROTTERDAM,9.7,381
200000090,2024-01-01T03:49:05.327637+00:00,52.875861,7.657746,14.2,250.3,255.1,72,ROTTERDAM,9.7,381
200000090,2024-01-01T03:57:34.413846+00:00,52.852884,7.593421,12.9,350.1,346.6,72,ROTTERDAM,9.7,381
200000090,2024-01-01T04:06:03.500055+00:00,52.914545,7.582675,13.6,224.0,221.3,72,ROTTERDAM,9.7,381
200000090,2024-01-01T04:14:32.586263+00:00,52.763261,7.436816,13.1,241.7,243.5,72,ROTTERDAM,9.7,381
200000090,2024-01-01T04:23:01.672472+00:00,52.734089,7.382584,8.8,175.2,175.3,72,ROTTERDAM,9.7,381
200000090,2024-01-01T04:31:30.758681+00:00,52.695132,7.385857,11.2,286.2,287.1,72,ROTTERDAM,9.7,381
200000090,2024-01-01T04:39:59.844890+00:00,52.742739,7.222485,11.2,273.9,276.9,72,ROTTERDAM,9.7,381
200000090,2024-01-01T04:48:28.931099+00:00,52.744508,7.196577,14.7,242.3,244.7,72,ROTTERDAM,9.7,381
200000090,2024-01-01T04:56:58.017307+00:00,52.658482,7.032424,13.0,216.3,212.5,72,ROTTERDAM,9.7,381
200000090,2024-01-01T05:05:27.103516+00:00,52.598291,6.988236,13.9,258.9,257.9,72,ROTTERDAM,9.7,381
200000090,2024-01-01T05:13:56.189725+00:00,52.575194,6.870409,12.3,314.9,314.8,72,ROTTERDAM,9.7,381
200000090,2024-01-01T05:22:25.275934+00:00,52.625067,6.820362,14.0,228.3,232.9,72,ROTTERDAM,9.7,381
200000090,2024-01-01T05:30:54.362142+00:00,52.605819,6.798732,12.6,260.8,265.0,72,ROTTERDAM,9.7,381
200000090,2024-01-01T05:39:23.448351+00:00,52.571934,6.589753,12.5,161.9,162.5,72,ROTTERDAM,9.7,381
200000090,2024-01-01T05:47:52.534560+00:00,52.48762,6.617244,13.3,283.1,279.1,72,ROTTERDAM,9.7,381
200000090,2024-01-01T05:56:21.620769+00:00,52.508623,6.526812,13.1,256.4,255.5,72,ROTTERDAM,9.7,381
200000090,2024-01-01T06:04:50.706978+00:00,52.478969,6.404621,17.9,261.3,262.3,72,ROTTERDAM,9.7,381
200000090,2024-01-01T06:13:19.793186+00:00,52.460188,6.281428,11.2,331.8,334.9,72,ROTTERDAM,9.7,381
200000090,2024-01-01T06:21:48.879395+00:00,52.468945,6.276741,10.0,243.0,245.9,72,ROTTERDAM,9.7,381
200000090,2024-01-01T06:30:17.965604+00:00,52.412672,6.166063,13.5,268.5,264.6,72,ROTTERDAM,9.7,381
200000090,2024-01-01T06:38:47.051813+00:00,52.411558,6.123574,11.4,239.1,242.1,72,ROTTERDAM,9.7,381
200000090,2024-01-01T06:47:16.138021+00:00,52.35711,6.032436,8.6,187.1,187.4,72,ROTTERDAM,9.7,381
200000090,2024-01-01T06:55:45.224230+00:00,52.344307,6.030835,10.8,267.8,271.4,72,ROTTERDAM,9.7,381
200000090,2024-01-01T07:04:14.310439+00:00,52.337535,5.858181,17.3,223.0,222.2,72,ROTTERDAM,9.7,381
200000090,2024-01-01T07:12:43.396648+00:00,52.209232,5.738377,11.2,328.2,329.7,72,ROTTERDAM,9.7,381
200000090,2024-01-01T07:21:12.482857+00:00,52.242225,5.717919,9.4,248.2,247.7,72,ROTTERDAM,9.7,381
200000090,2024-01-01T07:29:41.569065+00:00,52.21081,5.639358,17.2,216.2,213.6,72,ROTTERDAM,9.7,381
200000090,2024-01-01T07:38:10.655274+00:00,52.178504,5.615721,10.7,266.9,270.1,72,ROTTERDAM,9.7,381
200000090,2024-01-01T07:46:39.741483+00:00,52.17281,5.50892,18.7,301.7,297.4,72,ROTTERDAM,9.7,381
200000090,2024-01-01T07:55:08.827692+00:00,52.237434,5.404411,12.2,190.1,186.6,72,ROTTERDAM,9.7,381
200000090,2024-01-01T08:03:37.913900+00:00,52.095514,5.379135,16.4,287.6,285.8,72,ROTTERDAM,9.7,381
200000090,2024-01-01T08:12:07.000109+00:00,52.163339,5.165935,12.4,198.8,203.0,72,ROTTERDAM,9.7,381
200000090,2024-01-01T08:20:36.086318+00:00,52.006901,5.112789,13.8,294.6,292.5,72,ROTTERDAM,9.7,381
200000090,2024-01-01T08:29:05.172527+00:00,52.05042,5.01785,12.6,271.1,267.2,72,ROTTERDAM,9.7,381
200000090,2024-01-01T08:37:34.258736+00:00,52.051421,4.964092,12.4,268.8,264.4,72,ROTTERDAM,9.7,381
200000090,2024-01-01T08:46:03.344944+00:00,52.048714,4.834151,13.4,131.4,126.9,72,ROTTERDAM,9.7,381
200000090,2024-01-01T08:54:32.431153+00:00,52.031084,4.854146,13.9,260.9,262.7,72,ROTTERDAM,9.7,381
200000090,2024-01-01T09:03:01.517362+00:00,52.011309,4.73068,13.2,240.5,238.7,72,ROTTERDAM,9.7,381
200000090,2024-01-01T09:11:30.603571+00:00,51.930325,4.587654,13.0,242.9,246.7,72,ROTTERDAM,9.7,381
200000090,2024-01-01T09:19:59.689779+00:00,51.900763,4.529818,11.5,341.4,336.9,72,ROTTERDAM,9.7,381
200000090,2024-01-01T09:28:28.775988+00:00,51.942899,4.515676,12.7,0.0,357.5,72,ROTTERDAM,9.7,381
200001642,2024-01-01T02:12:11.894969+00:00,49.519292,0.049314,16.6,239.6,235.6,70,HAMBURG,14.0,131
200001642,2024-01-01T02:57:23.036086+00:00,49.532023,0.273569,16.8,64.3,59.6,70,HAMBURG,14.0,131
200001642,2024-01-01T03:42:34.177203+00:00,49.58473,0.383032,15.0,47.1,43.5,70,HAMBURG,14.0,131
200001642,2024-01-01T04:27:45.318320+00:00,49.770083,0.582232,16.8,83.9,80.8,70,HAMBURG,14.0,131
200001642,2024-01-01T05:12:56.459437+00:00,49.793839,0.80332,15.6,69.3,70.8,70,HAMBURG,14.0,131
200001642,2024-01-01T05:58:07.600555+00:00,49.874884,1.017415,15.8,105.9,100.9,70,HAMBURG,14.0,131
200001642,2024-01-01T06:43:18.741672+00:00,49.833823,1.162017,18.0,7.5,8.6,70,HAMBURG,14.0,131
200001642,2024-01-01T07:28:29.882789+00:00,50.0376,1.188944,13.8,81.2,78.6,70,HAMBURG,14.0,131
200001642,2024-01-01T08:13:41.023906+00:00,50.084125,1.490657,11.7,92.9,88.5,70,HAMBURG,14.0,131
200001642,2024-01-01T08:58:52.165023+00:00,50.076057,1.65097,17.9,61.6,65.9,70,HAMBURG,14.0,131
200001642,2024-01-01T09:44:03.306140+00:00,50.178178,1.839993,16.8,65.3,67.2,70,HAMBURG,14.0,131
200001642,2024-01-01T10:29:14.447257+00:00,50.285116,2.072039,19.0,348.6,344.0,70,HAMBURG,14.0,131
200001642,2024-01-01T11:14:25.588374+00:00,50.344729,2.059996,14.8,77.8,74.1,70,HAMBURG,14.0,131
200001642,2024-01-01T11:59:36.729491+00:00,50.397672,2.305533,16.2,71.0,73.4,70,HAMBURG,14.0,131
200001642,2024-01-01T12:44:47.870609+00:00,50.477282,2.536563,16.6,45.3,48.8,70,HAMBURG,14.0,131
200001642,2024-01-01T13:29:59.011726+00:00,50.540033,2.599868,15.2,74.4,76.8,70,HAMBURG,14.0,131
200001642,2024-01-01T14:15:10.152843+00:00,50.630435,2.924675,14.6,40.6,38.3,70,HAMBURG,14.0,131
200001642,2024-01-01T15:00:21.293960+00:00,50.766557,3.041225,18.0,123.9,128.7,70,HAMBURG,14.0,131
200001642,2024-01-01T15:45:32.435077+00:00,50.634825,3.237066,13.6,28.4,24.0,70,HAMBURG,14.0,131
200001642,2024-01-01T16:30:43.576194+00:00,50.821491,3.338119,14.3,69.4,64.8,70,HAMBURG,14.0,131
200001642,2024-01-01T17:15:54.717311+00:00,50.912334,3.579285,16.1,67.6,69.7,70,HAMBURG,14.0,131
200001642,2024-01-01T18:01:05.858428+00:00,50.988484,3.76395,18.2,74.2,70.1,70,HAMBURG,14.0,131
200001642,2024-01-01T18:46:16.999545+00:00,51.025264,3.8941,15.3,89.7,94.5,70,HAMBURG,14.0,131
200001642,2024-01-01T19:31:28.140663+00:00,51.026199,4.066106,15.1,44.9,47.7,70,HAMBURG,14.0,131
200001642,2024-01-01T20:16:39.281780+00:00,51.20061,4.239833,16.0,39.4,40.2,70,HAMBURG,14.0,131
200001642,2024-01-01T21:01:50.422897+00:00,51.340753,4.355078,17.1,114.1,118.6,70,HAMBURG,14.0,131
200001642,2024-01-01T21:47:01.564014+00:00,51.247868,4.562799,15.7,42.1,42.9,70,HAMBURG,14.0,131
200001642,2024-01-01T22:32:12.705131+00:00,51.437928,4.734479,18.5,87.0,88.5,70,HAMBURG,14.0,131
200001642,2024-01-01T23:17:23.846248+00:00,51.448486,4.933205,18.6,67.6,64.1,70,HAMBURG,14.0,131
200001642,2024-01-02T00:02:34.987365+00:00,51.532022,5.135956,16.1,73.4,72.4,70,HAMBURG,14.0,131
200001642,2024-01-02T00:47:46.128482+00:00,51.552618,5.204968,20.3,64.1,60.3,70,HAMBURG,14.0,131
200001642,2024-01-02T01:32:57.269599+00:00,51.658716,5.423574,16.5,58.9,56.7,70,HAMBURG,14.0,131
200001642,2024-01-02T02:18:08.410717+00:00,51.810616,5.675827,18.5,60.5,59.8,70,HAMBURG,14.0,131
200001642,2024-01-02T03:03:19.551834+00:00,51.844922,5.736505,17.0,52.8,54.1,70,HAMBURG,14.0,131
200001642,2024-01-02T03:48:30.692951+00:00,51.97258,5.904502,17.0,79.2,78.3,70,HAMBURG,14.0,131
200001642,2024-01-02T04:33:41.834068+00:00,52.015011,6.127659,13.2,80.7,81.6,70,HAMBURG,14.0,131
200001642,2024-01-02T05:18:52.975185+00:00,52.04827,6.331693,14.1,43.9,39.3,70,HAMBURG,14.0,131
200001642,2024-01-02T06:04:04.116302+00:00,52.183688,6.461975,15.8,88.8,88.6,70,HAMBURG,14.0,131
200001642,2024-01-02T06:49:15.257419+00:00,52.188616,6.699781,18.6,58.9,59.6,70,HAMBURG,14.0,131
200001642,2024-01-02T07:34:26.398536+00:00,52.278242,6.848103,17.1,85.3,87.4,70,HAMBURG,14.0,131
200001642,2024-01-02T08:19:37.539653+00:00,52.292189,7.019284,15.8,60.7,62.2,70,HAMBURG,14.0,131
200001642,2024-01-02T09:04:48.680771+00:00,52.38052,7.176829,17.6,83.0,85.9,70,HAMBURG,14.0,131
200001642,2024-01-02T09:49:59.821888+00:00,52.412497,7.437435,18.5,16.3,15.6,70,HAMBURG,14.0,131
200001642,2024-01-02T10:35:10.963005+00:00,52.567023,7.482724,16.4,115.0,113.6,70,HAMBURG,14.0,131
200001642,2024-01-02T11:20:22.104122+00:00,52.528804,7.564736,16.8,64.5,66.8,70,HAMBURG,14.0,131
200001642,2024-01-02T12:05:33.245239+00:00,52.697012,7.917055,16.6,72.6,76.8,70,HAMBURG,14.0,131
200001642,2024-01-02T12:50:44.386356+00:00,52.718538,7.985887,16.3,55.4,55.6,70,HAMBURG,14.0,131
200001642,2024-01-02T13:35:55.527473+00:00,52.856808,8.186096,14.8,78.0,76.2,70,HAMBURG,14.0,131
200001642,2024-01-02T14:21:06.668590+00:00,52.905965,8.418109,14.7,12.0,12.0,70,HAMBURG,14.0,131
200001642,2024-01-02T15:06:17.809707+00:00,53.029629,8.444448,17.6,85.3,81.0,70,HAMBURG,14.0,131
200001642,2024-01-02T15:51:28.950825+00:00,53.045311,8.633909,18.5,106.2,101.8,70,HAMBURG,14.0,131
200001642,2024-01-02T16:36:40.091942+00:00,53.000345,8.788357,15.8,55.6,53.9,70,HAMBURG,14.0,131
200001642,2024-01-02T17:21:51.233059+00:00,53.145775,9.000644,15.8,86.3,84.5,70,HAMBURG,14.0,131
200001642,2024-01-02T18:07:02.374176+00:00,53.160698,9.234263,12.7,59.7,54.9,70,HAMBURG,14.0,131
200001642,2024-01-02T18:52:13.515293+00:00,53.26356,9.41042,12.4,42.9,46.5,70,HAMBURG,14.0,131
200001642,2024-01-02T19:37:24.656410+00:00,53.435211,9.569954,19.1,73.2,69.7,70,HAMBURG,14.0,131
200001642,2024-01-02T20:22:35.797527+00:00,53.461701,9.657432,14.9,88.5,84.7,70,HAMBURG,14.0,131
200001642,2024-01-02T21:07:46.938644+00:00,53.465053,9.784495,10.4,0.0,4.6,70,HAMBURG,14.0,131
200002077,2024-01-01T03:41:49.141286+00:00,51.921744,1.241169,17.6,212.7,210.7,71,HAMBURG,11.4,258
200002077,2024-01-01T03:54:01.791082+00:00,51.892534,1.368383,14.5,66.4,64.6,71,HAMBURG,11.4,258
200002077,2024-01-01T04:06:14.440878+00:00,51.96428,1.532285,17.8,114.3,118.0,71,HAMBURG,11.4,258
200002077,2024-01-01T04:18:27.090673+00:00,51.883491,1.711325,17.9,339.4,340.0,71,HAMBURG,11.4,258
200002077,2024-01-01T04:30:39.740469+00:00,51.967185,1.679907,17.9,77.6,80.5,71,HAMBURG,11.4,258
200002077,2024-01-01T04:42:52.390265+00:00,52.007538,1.863734,18.7,86.6,86.4,71,HAMBURG,11.4,258
200002077,2024-01-01T04:55:05.040061+00:00,52.018772,2.052603,19.6,315.4,317.2,71,HAMBURG,11.4,258
200002077,2024-01-01T05:07:17.689857+00:00,52.08313,1.989207,16.2,90.8,87.7,71,HAMBURG,11.4,258
200002077,2024-01-01T05:19:30.339652+00:00,52.081335,2.117998,18.7,76.5,72.5,71,HAMBURG,11.4,258
200002077,2024-01-01T05:31:42.989448+00:00,52.118032,2.271127,16.2,114.2,118.7,71,HAMBURG,11.4,258
200002077,2024-01-01T05:43:55.639244+00:00,52.07071,2.376535,17.7,60.6,59.9,71,HAMBURG,11.4,258
200002077,2024-01-01T05:56:08.289040+00:00,52.170532,2.553451,19.0,55.1,59.7,71,HAMBURG,11.4,258
200002077,2024-01-01T06:08:20.938836+00:00,52.227601,2.63516,15.4,175.1,170.5,71,HAMBURG,11.4,258
200002077,2024-01-01T06:20:33.588631+00:00,52.118159,2.644585,12.4,83.7,79.4,71,HAMBURG,11.4,258
200002077,2024-01-01T06:32:46.238427+00:00,52.142795,2.86936,15.3,22.9,23.1,71,HAMBURG,11.4,258
200002077,2024-01-01T06:44:58.888223+00:00,52.274482,2.924969,19.3,105.4,100.9,71,HAMBURG,11.4,258
200002077,2024-01-01T06:57:11.538019+00:00,52.218638,3.127825,15.0,8.6,7.4,71,HAMBURG,11.4,258
200002077,2024-01-01T07:09:24.187815+00:00,52.318909,3.14298,19.2,123.2,125.2,71,HAMBURG,11.4,258
200002077,2024-01-01T07:21:36.837610+00:00,52.247104,3.252785,15.3,55.7,53.7,71,HAMBURG,11.4,258
200002077,2024-01-01T07:33:49.487406+00:00,52.362496,3.421928,16.6,110.6,109.8,71,HAMBURG,11.4,258
200002077,2024-01-01T07:46:02.137202+00:00,52.316831,3.543275,17.1,74.1,70.3,71,HAMBURG,11.4,258
200002077,2024-01-01T07:58:14.786998+00:00,52.343681,3.63779,15.0,2.4,357.4,71,HAMBURG,11.4,258
200002077,2024-01-01T08:10:27.436794+00:00,52.429518,3.641361,16.7,108.9,108.8,71,HAMBURG,11.4,258
200002077,2024-01-01T08:22:40.086589+00:00,52.353706,3.862799,14.0,105.0,104.3,71,HAMBURG,11.4,258
200002077,2024-01-01T08:34:52.736385+00:00,52.345252,3.894438,16.4,75.4,78.8,71,HAMBURG,11.4,258
200002077,2024-01-01T08:47:05.386181+00:00,52.390392,4.068174,16.9,22.6,20.8,71,HAMBURG,11.4,258
200002077,2024-01-01T08:59:18.035977+00:00,52.45595,4.09548,12.5,111.5,111.3,71,HAMBURG,11.4,258
200002077,2024-01-01T09:11:30.685773+00:00,52.375558,4.299239,15.2,20.0,17.3,71,HAMBURG,11.4,258
200002077,2024-01-01T09:23:43.335568+00:00,52.506233,4.34685,17.7,113.9,118.2,71,HAMBURG,11.4,258
200002077,2024-01-01T09:35:55.985364+00:00,52.467933,4.433304,14.8,63.5,63.1,71,HAMBURG,11.4,258
200002077,2024-01-01T09:48:08.635160+00:00,52.572775,4.643383,18.0,151.0,147.5,71,HAMBURG,11.4,258
200002077,2024-01-01T10:00:21.284956+00:00,52.416184,4.730031,18.2,33.8,30.2,71,HAMBURG,11.4,258
200002077,2024-01-01T10:12:33.934752+00:00,52.517082,4.797506,17.6,96.5,91.6,71,HAMBURG,11.4,258
200002077,2024-01-01T10:24:46.584547+00:00,52.4926,5.01102,18.6,13.9,9.2,71,HAMBURG,11.4,258
200002077,2024-01-01T10:36:59.234343+00:00,52.556124,5.026685,13.9,61.0,62.2,71,HAMBURG,11.4,258
200002077,2024-01-01T10:49:11.884139+00:00,52.630332,5.16058,19.1,90.4,91.1,71,HAMBURG,11.4,258
200002077,2024-01-01T11:01:24.533935+00:00,52.6295,5.282676,15.0,75.7,79.2,71,HAMBURG,11.4,258
200002077,2024-01-01T11:13:37.183731+00:00,52.646305,5.348504,17.3,81.3,84.8,71,HAMBURG,11.4,258
200002077,2024-01-01T11:25:49.833526+00:00,52.671528,5.5133,20.7,57.2,53.9,71,HAMBURG,11.4,258
200002077,2024-01-01T11:38:02.483322+00:00,52.710169,5.573327,16.3,109.0,112.6,71,HAMBURG,11.4,258
200002077,2024-01-01T11:50:15.133118+00:00,52.670086,5.689674,17.1,61.9,66.1,71,HAMBURG,11.4,258
200002077,2024-01-01T12:02:27.782914+00:00,52.776368,5.888645,15.1,331.6,332.6,71,HAMBURG,11.4,258
200002077,2024-01-01T12:14:40.432710+00:00,52.794672,5.87874,20.7,81.0,79.6,71,HAMBURG,11.4,258
200002077,2024-01-01T12:26:53.082505+00:00,52.801303,5.920387,15.2,84.7,82.8,71,HAMBURG,11.4,258
200002077,2024-01-01T12:39:05.732301+00:00,52.830391,6.231829,18.4,87.3,88.3,71,HAMBURG,11.4,258
200002077,2024-01-01T12:51:18.382097+00:00,52.837898,6.389005,19.6,340.8,339.9,71,HAMBURG,11.4,258
200002077,2024-01-01T13:03:31.031893+00:00,52.945343,6.351531,18.6,158.5,154.3,71,HAMBURG,11.4,258
200002077,2024-01-01T13:15:43.681689+00:00,52.859748,6.385209,17.8,87.2,85.6,71,HAMBURG,11.4,258
200002077,2024-01-01T13:27:56.331484+00:00,52.869261,6.576783,17.3,90.9,87.6,71,HAMBURG,11.4,258
200002077,2024-01-01T13:40:08.981280+00:00,52.867452,6.688253,14.5,86.7,88.8,71,HAMBURG,11.4,258
200002077,2024-01-01T13:52:21.631076+00:00,52.874028,6.803324,20.5,81.2,79.4,71,HAMBURG,11.4,258
200002077,2024-01-01T14:04:34.280872+00:00,52.88393,6.867408,17.6,78.9,79.8,71,HAMBURG,11.4,258
200002077,2024-01-01T14:16:46.930668+00:00,52.922227,7.062311,17.1,60.3,56.7,71,HAMBURG,11.4,258
200002077,2024-01-01T14:28:59.580463+00:00,52.983645,7.169815,14.9,12.9,9.6,71,HAMBURG,11.4,258
200002077,2024-01-01T14:41:12.230259+00:00,53.024407,7.179126,17.2,88.3,93.3,71,HAMBURG,11.4,258
200002077,2024-01-01T14:53:24.880055+00:00,53.030762,7.399062,17.0,96.5,91.7,71,HAMBURG,11.4,258
200002077,2024-01-01T15:05:37.529851+00:00,53.010441,7.576993,20.7,8.9,9.7,71,HAMBURG,11.4,258
200002077,2024-01-01T15:17:50.179647+00:00,53.11424,7.593213,17.1,81.6,85.6,71,HAMBURG,11.4,258
200002077,2024-01-01T15:30:02.829442+00:00,53.126714,7.678006,17.2,101.5,101.9,71,HAMBURG,11.4,258
200002077,2024-01-01T15:42:15.479238+00:00,53.102274,7.798028,14.9,91.6,89.3,71,HAMBURG,11.4,258
200002077,2024-01-01T15:54:28.129034+00:00,53.098123,7.946147,15.6,355.0,356.0,71,HAMBURG,11.4,258
200002077,2024-01-01T16:06:40.778830+00:00,53.178703,7.939107,18.1,89.3,90.9,71,HAMBURG,11.4,258
200002077,2024-01-01T16:18:53.428626+00:00,53.181194,8.144117,13.5,126.6,121.8,71,HAMBURG,11.4,258
200002077,2024-01-01T16:31:06.078421+00:00,53.119901,8.226631,19.1,68.1,65.4,71,HAMBURG,11.4,258
200002077,2024-01-01T16:43:18.728217+00:00,53.209422,8.448802,19.1,13.9,11.4,71,HAMBURG,11.4,258
200002077,2024-01-01T16:55:31.378013+00:00,53.246435,8.457958,15.4,100.5,101.1,71,HAMBURG,11.4,258
200002077,2024-01-01T17:07:44.027809+00:00,53.208861,8.660317,17.8,339.3,341.1,71,HAMBURG,11.4,258
200002077,2024-01-01T17:19:56.677605+00:00,53.283851,8.631992,19.7,107.6,108.2,71,HAMBURG,11.4,258
200002077,2024-01-01T17:32:09.327400+00:00,53.222131,8.826799,16.8,31.2,36.0,71,HAMBURG,11.4,258
200002077,2024-01-01T17:44:21.977196+00:00,53.382194,8.923662,16.5,72.4,72.6,71,HAMBURG,11.4,258
200002077,2024-01-01T17:56:34.626992+00:00,53.398295,8.974496,16.7,108.5,111.5,71,HAMBURG,11.4,258
200002077,2024-01-01T18:08:47.276788+00:00,53.343784,9.137075,17.6,72.4,71.5,71,HAMBURG,11.4,258
200002077,2024-01-01T18:20:59.926584+00:00,53.395096,9.299087,15.8,164.2,168.1,71,HAMBURG,11.4,258
200002077,2024-01-01T18:33:12.576379+00:00,53.27694,9.332528,16.3,26.7,28.5,71,HAMBURG,11.4,258
200002077,2024-01-01T18:45:25.226175+00:00,53.360131,9.374376,17.6,71.8,76.5,71,HAMBURG,11.4,258
200002077,2024-01-01T18:57:37.875971+00:00,53.423773,9.568353,16.1,105.6,102.6,71,HAMBURG,11.4,258
200002077,2024-01-01T19:09:50.525767+00:00,53.405368,9.634366,14.8,51.5,51.2,71,HAMBURG,11.4,258
200002077,2024-01-01T19:22:03.175563+00:00,53.515207,9.772627,13.4,55.5,59.3,71,HAMBURG,11.4,258
200002077,2024-01-01T19:34:15.825358+00:00,53.599865,9.895921,17.2,0.0,0.2,71,HAMBURG,11.4,258
200003089,2024-01-01T05:20:08.459691+00:00,53.366358,9.866199,18.0,165.0,161.5,71,AMSTERDAM,4.6,184
200003089,2024-01-01T05:49:59.654597+00:00,53.50313,9.781127,17.7,348.2,347.1,71,AMSTERDAM,4.6,184
200003089,2024-01-01T06:19:50.849502+00:00,53.544739,9.772429,19.2,229.4,227.6,71,AMSTERDAM,4.6,184
200003089,2024-01-01T06:49:42.044408+00:00,53.393611,9.595945,15.9,44.7,44.3,71,AMSTERDAM,4.6,184
200003089,2024-01-01T07:19:33.239313+00:00,53.414343,9.616454,17.1,248.6,249.6,71,AMSTERDAM,4.6,184
200003089,2024-01-01T07:49:24.434219+00:00,53.379022,9.52634,18.8,254.9,259.4,71,AMSTERDAM,4.6,184
200003089,2024-01-01T08:19:15.629125+00:00,53.355283,9.438082,14.9,43.2,40.0,71,AMSTERDAM,4.6,184
200003089,2024-01-01T08:49:06.824030+00:00,53.36702,9.449111,19.4,290.9,294.3,71,AMSTERDAM,4.6,184
200003089,2024-01-01T09:18:58.018936+00:00,53.438041,9.262829,19.2,86.2,85.7,71,AMSTERDAM,4.6,184
200003089,2024-01-01T09:48:49.213841+00:00,53.441869,9.321197,18.6,236.6,239.1,71,AMSTERDAM,4.6,184
200003089,2024-01-01T10:18:40.408747+00:00,53.316536,9.131153,19.1,306.6,306.9,71,AMSTERDAM,4.6,184
200003089,2024-01-01T10:48:31.603652+00:00,53.41192,9.002816,17.0,184.4,182.4,71,AMSTERDAM,4.6,184
200003089,2024-01-01T11:18:22.798558+00:00,53.301779,8.994405,20.9,297.5,296.2,71,AMSTERDAM,4.6,184
200003089,2024-01-01T11:48:13.993464+00:00,53.371018,8.861339,20.6,208.6,207.7,71,AMSTERDAM,4.6,184
200003089,2024-01-01T12:18:05.188369+00:00,53.262002,8.801806,18.6,253.4,255.6,71,AMSTERDAM,4.6,184
200003089,2024-01-01T12:47:56.383275+00:00,53.256553,8.783488,18.2,265.8,269.9,71,AMSTERDAM,4.6,184
200003089,2024-01-01T13:17:47.578180+00:00,53.251607,8.715658,19.6,312.6,314.1,71,AMSTERDAM,4.6,184
200003089,2024-01-01T13:47:38.773086+00:00,53.375609,8.581013,16.5,178.0,177.0,71,AMSTERDAM,4.6,184
200003089,2024-01-01T14:17:29.967992+00:00,53.242564,8.585734,19.2,215.4,211.7,71,AMSTERDAM,4.6,184
200003089,2024-01-01T14:47:21.162897+00:00,53.14797,8.518481,18.6,317.4,319.0,71,AMSTERDAM,4.6,184
200003089,2024-01-01T15:17:12.357803+00:00,53.215117,8.456664,17.2,235.5,237.1,71,AMSTERDAM,4.6,184
200003089,2024-01-01T15:47:03.552708+00:00,53.131908,8.335562,18.7,235.9,234.2,71,AMSTERDAM,4.6,184
200003089,2024-01-01T16:16:54.747614+00:00,53.108846,8.301505,20.8,282.6,285.4,71,AMSTERDAM,4.6,184
200003089,2024-01-01T16:46:45.942520+00:00,53.162097,8.063536,14.6,177.7,175.2,71,AMSTERDAM,4.6,184
200003089,2024-01-01T17:16:37.137425+00:00,53.101554,8.065923,15.9,267.6,263.9,71,AMSTERDAM,4.6,184
200003089,2024-01-01T17:46:28.332331+00:00,53.097262,7.96271,17.4,221.5,217.9,71,AMSTERDAM,4.6,184
200003089,2024-01-01T18:16:19.527236+00:00,53.067366,7.936264,19.2,269.7,271.5,71,AMSTERDAM,4.6,184
200003089,2024-01-01T18:46:10.722142+00:00,53.066829,7.825973,18.6,257.6,254.6,71,AMSTERDAM,4.6,184
200003089,2024-01-01T19:16:01.917047+00:00,53.054582,7.77048,19.2,168.8,170.8,71,AMSTERDAM,4.6,184
200003089,2024-01-01T19:45:53.111953+00:00,52.919818,7.797139,17.2,302.5,303.6,71,AMSTERDAM,4.6,184
200003089,2024-01-01T20:15:44.306859+00:00,53.033329,7.618787,18.0,205.2,206.4,71,AMSTERDAM,4.6,184
200003089,2024-01-01T20:45:35.501764+00:00,52.934232,7.572205,20.0,249.8,254.6,71,AMSTERDAM,4.6,184
200003089,2024-01-01T21:15:26.696670+00:00,52.894552,7.464144,18.3,311.0,312.9,71,AMSTERDAM,4.6,184
200003089,2024-01-01T21:45:17.891575+00:00,52.947079,7.403786,18.9,263.1,262.1,71,AMSTERDAM,4.6,184
200003089,2024-01-01T22:15:09.086481+00:00,52.937532,7.324543,17.9,224.0,225.1,71,AMSTERDAM,4.6,184
200003089,2024-01-01T22:45:00.281387+00:00,52.881991,7.270901,16.8,326.2,330.5,71,AMSTERDAM,4.6,184
200003089,2024-01-01T23:14:51.476292+00:00,52.941552,7.230993,19.3,202.4,200.6,71,AMSTERDAM,4.6,184
200003089,2024-01-01T23:44:42.671198+00:00,52.816225,7.179339,19.9,281.9,281.8,71,AMSTERDAM,4.6,184
200003089,2024-01-02T00:14:33.866103+00:00,52.846319,7.036693,18.1,247.5,245.9,71,AMSTERDAM,4.6,184
200003089,2024-01-02T00:44:25.061009+00:00,52.820756,6.974932,16.2,273.6,277.7,71,AMSTERDAM,4.6,184
200003089,2024-01-02T01:14:16.255914+00:00,52.831004,6.812154,19.0,269.0,272.4,71,AMSTERDAM,4.6,184
200003089,2024-01-02T01:44:07.450820+00:00,52.83061,6.789546,18.8,196.7,199.2,71,AMSTERDAM,4.6,184
200003089,2024-01-02T02:13:58.645726+00:00,52.749605,6.765196,17.5,311.3,314.0,71,AMSTERDAM,4.6,184
200003089,2024-01-02T02:43:49.840631+00:00,52.819547,6.685723,22.8,245.4,244.9,71,AMSTERDAM,4.6,184
200003089,2024-01-02T03:13:41.035537+00:00,52.769817,6.577247,20.9,200.2,201.6,71,AMSTERDAM,4.6,184
200003089,2024-01-02T03:43:32.230442+00:00,52.655403,6.535229,18.8,258.2,255.8,71,AMSTERDAM,4.6,184
200003089,2024-01-02T04:13:23.425348+00:00,52.635404,6.43969,18.8,333.5,332.6,71,AMSTERDAM,4.6,184
200003089,2024-01-02T04:43:14.620254+00:00,52.716051,6.399409,20.8,257.4,260.6,71,AMSTERDAM,4.6,184
200003089,2024-01-02T05:13:05.815159+00:00,52.688952,6.278104,20.2,264.3,261.0,71,AMSTERDAM,4.6,184
200003089,2024-01-02T05:42:57.010065+00:00,52.678162,6.170094,17.8,252.6,251.0,71,AMSTERDAM,4.6,184
200003089,2024-01-02T06:12:48.204970+00:00,52.665268,6.128913,18.8,269.0,272.4,71,AMSTERDAM,4.6,184
200003089,2024-01-02T06:42:39.399876+00:00,52.661278,5.889834,17.8,77.8,80.5,71,AMSTERDAM,4.6,184
200003089,2024-01-02T07:12:30.594782+00:00,52.680716,5.97975,15.7,246.7,245.6,71,AMSTERDAM,4.6,184
200003089,2024-01-02T07:42:21.789687+00:00,52.561111,5.702428,14.7,133.9,130.8,71,AMSTERDAM,4.6,184
200003089,2024-01-02T08:12:12.984593+00:00,52.541401,5.722918,18.4,111.1,110.3,71,AMSTERDAM,4.6,184
200003089,2024-01-02T08:42:04.179498+00:00,52.528667,5.755922,23.6,305.2,309.5,71,AMSTERDAM,4.6,184
200003089,2024-01-02T09:11:55.374404+00:00,52.581113,5.681452,20.8,281.2,276.9,71,AMSTERDAM,4.6,184
200003089,2024-01-02T09:41:46.569309+00:00,52.612247,5.523697,17.6,207.9,210.8,71,AMSTERDAM,4.6,184
200003089,2024-01-02T10:11:37.764215+00:00,52.511766,5.470456,18.1,166.7,170.6,71,AMSTERDAM,4.6,184
200003089,2024-01-02T10:41:28.959121+00:00,52.391582,5.49883,17.1,277.8,274.0,71,AMSTERDAM,4.6,184
200003089,2024-01-02T11:11:20.154026+00:00,52.4148,5.330344,14.8,66.1,62.8,71,AMSTERDAM,4.6,184
200003089,2024-01-02T11:41:11.348932+00:00,52.441681,5.390934,17.4,269.1,269.6,71,AMSTERDAM,4.6,184
200003089,2024-01-02T12:11:02.543837+00:00,52.43878,5.202934,18.0,260.5,262.4,71,AMSTERDAM,4.6,184
200003089,2024-01-02T12:40:53.738743+00:00,52.429581,5.147675,18.3,290.4,295.3,71,AMSTERDAM,4.6,184
200003089,2024-01-02T13:10:44.933649+00:00,52.435262,5.132359,20.4,257.2,253.1,71,AMSTERDAM,4.6,184
200003089,2024-01-02T13:40:36.128554+00:00,52.401079,4.982309,18.9,291.2,296.0,71,AMSTERDAM,4.6,184
200003089,2024-01-02T14:10:27.323460+00:00,52.452467,4.849883,20.4,0.0,359.6,71,AMSTERDAM,4.6,184
200004178,2024-01-01T05:50:37.550226+00:00,53.529917,9.871926,13.4,95.3,92.4,71,BREMERHAVEN,7.6,116
200004178,2024-01-01T06:41:11.042650+00:00,53.525983,9.908891,11.2,214.4,218.7,71,BREMERHAVEN,7.6,116
200004178,2024-01-01T07:31:44.535074+00:00,53.445133,9.853531,6.3,340.7,336.8,71,BREMERHAVEN,7.6,116
200004178,2024-01-01T08:22:18.027498+00:00,53.535036,9.822067,8.0,155.2,156.4,71,BREMERHAVEN,7.6,116
200004178,2024-01-01T09:12:51.519922+00:00,53.432209,9.869648,9.2,277.2,280.7,71,BREMERHAVEN,7.6,116
200004178,2024-01-01T10:03:25.012346+00:00,53.46027,9.647456,11.5,13.7,16.9,71,BREMERHAVEN,7.6,116
200004178,2024-01-01T10:53:58.504770+00:00,53.565178,9.673116,12.4,212.0,217.0,71,BREMERHAVEN,7.6,116
200004178,2024-01-01T11:44:31.997193+00:00,53.542011,9.658646,9.8,25.1,24.2,71,BREMERHAVEN,7.6,116
200004178,2024-01-01T12:35:05.489617+00:00,53.57437,9.673837,13.1,193.2,197.6,71,BREMERHAVEN,7.6,116
200004178,2024-01-01T13:25:38.982041+00:00,53.486416,9.65327,12.7,243.6,246.6,71,BREMERHAVEN,7.6,116
200004178,2024-01-01T14:16:12.474465+00:00,53.442388,9.564634,10.5,0.1,4.9,71,BREMERHAVEN,7.6,116
200004178,2024-01-01T15:06:45.966889+00:00,53.487978,9.564742,9.2,310.9,310.8,71,BREMERHAVEN,7.6,116
200004178,2024-01-01T15:57:19.459313+00:00,53.505102,9.544958,7.0,90.5,89.3,71,BREMERHAVEN,7.6,116
200004178,2024-01-01T16:47:52.951737+00:00,53.503949,9.684871,12.3,311.9,312.7,71,BREMERHAVEN,7.6,116
200004178,2024-01-01T17:38:26.444161+00:00,53.556684,9.626087,11.7,241.3,239.5,71,BREMERHAVEN,7.6,116
200004178,2024-01-01T18:28:59.936585+00:00,53.481936,9.489413,12.8,326.5,322.5,71,BREMERHAVEN,7.6,116
200004178,2024-01-01T19:19:33.429009+00:00,53.517602,9.465821,14.2,224.2,225.1,71,BREMERHAVEN,7.6,116
200004178,2024-01-01T20:10:06.921433+00:00,53.450569,9.40054,15.0,318.4,317.5,71,BREMERHAVEN,7.6,116
200004178,2024-01-01T21:00:40.413857+00:00,53.522516,9.336593,13.7,109.4,110.7,71,BREMERHAVEN,7.6,116
200004178,2024-01-01T21:51:13.906281+00:00,53.500155,9.400156,10.8,241.7,246.1,71,BREMERHAVEN,7.6,116
200004178,2024-01-01T22:41:47.398705+00:00,53.462509,9.330107,11.3,37.4,35.7,71,BREMERHAVEN,7.6,116
200004178,2024-01-01T23:32:20.891128+00:00,53.488209,9.349757,13.5,271.5,272.1,71,BREMERHAVEN,7.6,116
200004178,2024-01-02T00:22:54.383552+00:00,53.490791,9.24799,10.0,105.1,106.7,71,BREMERHAVEN,7.6,116
200004178,2024-01-02T01:13:27.875976+00:00,53.486492,9.263901,10.2,10.8,9.0,71,BREMERHAVEN,7.6,116
200004178,2024-01-02T02:04:01.368400+00:00,53.588567,9.283431,13.2,189.2,188.0,71,BREMERHAVEN,7.6,116
200004178,2024-01-02T02:54:34.860824+00:00,53.495078,9.26831,15.1,252.8,249.4,71,BREMERHAVEN,7.6,116
200004178,2024-01-02T03:45:08.353248+00:00,53.487805,9.244874,13.6,230.6,229.5,71,BREMERHAVEN,7.6,116
200004178,2024-01-02T04:35:41.845672+00:00,53.395127,9.131976,13.2,54.0,54.6,71,BREMERHAVEN,7.6,116
200004178,2024-01-02T05:26:15.338096+00:00,53.45529,9.214734,11.5,286.2,283.8,71,BREMERHAVEN,7.6,116
200004178,2024-01-02T06:16:48.830520+00:00,53.486846,9.105989,9.9,114.8,119.1,71,BREMERHAVEN,7.6,116
200004178,2024-01-02T07:07:22.322944+00:00,53.465707,9.151643,12.9,330.6,332.3,71,BREMERHAVEN,7.6,116
200004178,2024-01-02T07:57:55.815368+00:00,53.569085,9.093468,14.7,230.6,235.1,71,BREMERHAVEN,7.6,116
200004178,2024-01-02T08:48:29.307792+00:00,53.491753,8.999181,10.9,20.4,24.6,71,BREMERHAVEN,7.6,116
200004178,2024-01-02T09:39:02.800216+00:00,53.564422,9.02619,10.4,172.5,167.5,71,BREMERHAVEN,7.6,116
200004178,2024-01-02T10:29:36.292639+00:00,53.503085,9.034268,10.4,264.9,266.7,71,BREMERHAVEN,7.6,116
200004178,2024-01-02T11:20:09.785063+00:00,53.501861,9.020648,12.3,264.4,259.6,71,BREMERHAVEN,7.6,116
200004178,2024-01-02T12:10:43.277487+00:00,53.49556,8.956951,14.0,85.4,88.9,71,BREMERHAVEN,7.6,116
200004178,2024-01-02T13:01:16.769911+00:00,53.50019,9.014589,7.6,328.7,328.3,71,BREMERHAVEN,7.6,116
200004178,2024-01-02T13:51:50.262335+00:00,53.58594,8.962376,11.7,203.8,206.7,71,BREMERHAVEN,7.6,116
200004178,2024-01-02T14:42:23.754759+00:00,53.384019,8.873167,9.0,56.8,60.6,71,BREMERHAVEN,7.6,116
200004178,2024-01-02T15:32:57.247183+00:00,53.399923,8.897506,15.6,24.5,25.1,71,BREMERHAVEN,7.6,116
200004178,2024-01-02T16:23:30.739607+00:00,53.472841,8.93069,11.9,318.5,315.1,71,BREMERHAVEN,7.6,116
200004178,2024-01-02T17:14:04.232031+00:00,53.500726,8.906024,10.8,280.3,280.3,71,BREMERHAVEN,7.6,116
200004178,2024-01-02T18:04:37.724455+00:00,53.534505,8.7206,12.1,225.2,229.9,71,BREMERHAVEN,7.6,116
200004178,2024-01-02T18:55:11.216879+00:00,53.523654,8.709673,8.5,114.4,117.9,71,BREMERHAVEN,7.6,116
200004178,2024-01-02T19:45:44.709303+00:00,53.480788,8.804246,9.3,294.6,295.6,71,BREMERHAVEN,7.6,116
200004178,2024-01-02T20:36:18.201727+00:00,53.550952,8.651086,11.7,270.8,269.6,71,BREMERHAVEN,7.6,116
200004178,2024-01-02T21:26:51.694151+00:00,53.55151,8.611873,6.5,159.5,162.6,71,BREMERHAVEN,7.6,116
200004178,2024-01-02T22:17:25.186574+00:00,53.509203,8.62769,13.1,26.4,27.0,71,BREMERHAVEN,7.6,116
200004178,2024-01-02T23:07:58.678998+00:00,53.548133,8.647011,6.6,236.5,237.6,71,BREMERHAVEN,7.6,116
200004178,2024-01-02T23:58:32.171422+00:00,53.513632,8.59488,14.1,0.0,358.7,71,BREMERHAVEN,7.6,116
200005128,2024-01-01T07:27:54.554991+00:00,52.341,4.88111,21.1,32.6,32.0,80,ROTTERDAM,7.5,384
200005128,2024-01-01T08:16:25.743633+00:00,52.430024,4.937652,18.6,239.1,237.9,80,ROTTERDAM,7.5,384
200005128,2024-01-01T09:04:56.932275+00:00,52.345836,4.797013,16.2,70.2,70.6,80,ROTTERDAM,7.5,384
200005128,2024-01-01T09:53:28.120916+00:00,52.389585,4.91861,17.4,268.3,266.5,80,ROTTERDAM,7.5,384
200005128,2024-01-01T10:41:59.309558+00:00,52.387457,4.848363,17.0,29.1,30.8,80,ROTTERDAM,7.5,384
200005128,2024-01-01T11:30:30.498200+00:00,52.440791,4.878031,18.3,216.6,213.9,80,ROTTERDAM,7.5,384
200005128,2024-01-01T12:19:01.686842+00:00,52.328628,4.794671,18.0,80.7,77.4,80,ROTTERDAM,7.5,384
200005128,2024-01-01T13:07:32.875483+00:00,52.347374,4.909289,16.1,186.8,183.7,80,ROTTERDAM,7.5,384
200005128,2024-01-01T13:56:04.064125+00:00,52.244115,4.896976,14.9,349.7,349.7,80,ROTTERDAM,7.5,384
200005128,2024-01-01T14:44:35.252767+00:00,52.367684,4.87451,17.1,230.8,230.8,80,ROTTERDAM,7.5,384
200005128,2024-01-01T15:33:06.441409+00:00,52.259934,4.74263,15.8,90.1,95.1,80,ROTTERDAM,7.5,384
200005128,2024-01-01T16:21:37.630050+00:00,52.259717,4.85166,14.1,299.6,299.4,80,ROTTERDAM,7.5,384
200005128,2024-01-01T17:10:08.818692+00:00,52.276439,4.822284,15.3,231.2,226.9,80,ROTTERDAM,7.5,384
200005128,2024-01-01T17:58:40.007334+00:00,52.189203,4.713614,13.9,41.8,39.0,80,ROTTERDAM,7.5,384
200005128,2024-01-01T18:47:11.195976+00:00,52.268581,4.784499,16.4,22.9,18.4,80,ROTTERDAM,7.5,384
200005128,2024-01-01T19:35:42.384617+00:00,52.295312,4.795778,21.3,178.2,177.8,80,ROTTERDAM,7.5,384
200005128,2024-01-01T20:24:13.573259+00:00,52.251381,4.797192,16.0,194.6,194.3,80,ROTTERDAM,7.5,384
200005128,2024-01-01T21:12:44.761901+00:00,52.147086,4.770088,16.0,357.8,1.0,80,ROTTERDAM,7.5,384
200005128,2024-01-01T22:01:15.950543+00:00,52.210136,4.767623,16.4,57.0,59.8,80,ROTTERDAM,7.5,384
200005128,2024-01-01T22:49:47.139184+00:00,52.243224,4.818579,19.6,188.3,189.7,80,ROTTERDAM,7.5,384
200005128,2024-01-01T23:38:18.327826+00:00,52.102019,4.798036,21.2,278.0,279.3,80,ROTTERDAM,7.5,384
200005128,2024-01-02T00:26:49.516468+00:00,52.131976,4.585219,20.2,53.8,55.4,80,ROTTERDAM,7.5,384
200005128,2024-01-02T01:15:20.705110+00:00,52.219337,4.704536,18.6,180.7,185.3,80,ROTTERDAM,7.5,384
200005128,2024-01-02T02:03:51.893751+00:00,52.178811,4.704012,14.9,268.0,267.2,80,ROTTERDAM,7.5,384
200005128,2024-01-02T02:52:23.082393+00:00,52.175701,4.616477,18.6,53.5,53.6,80,ROTTERDAM,7.5,384
200005128,2024-01-02T03:40:54.271035+00:00,52.237873,4.700628,14.1,148.1,147.7,80,ROTTERDAM,7.5,384
200005128,2024-01-02T04:29:25.459677+00:00,52.158122,4.750193,13.8,269.7,272.1,80,ROTTERDAM,7.5,384
200005128,2024-01-02T05:17:56.648318+00:00,52.157384,4.625263,16.9,34.3,31.3,80,ROTTERDAM,7.5,384
200005128,2024-01-02T06:06:27.836960+00:00,52.249823,4.688249,16.6,204.3,206.8,80,ROTTERDAM,7.5,384
200005128,2024-01-02T06:54:59.025602+00:00,52.093391,4.617474,16.3,174.2,171.9,80,ROTTERDAM,7.5,384
200005128,2024-01-02T07:43:30.214244+00:00,52.053983,4.621506,20.8,62.8,67.3,80,ROTTERDAM,7.5,384
200005128,2024-01-02T08:32:01.402885+00:00,52.105063,4.720808,15.9,265.0,261.9,80,ROTTERDAM,7.5,384
200005128,2024-01-02T09:20:32.591527+00:00,52.095419,4.611648,17.5,144.3,144.6,80,ROTTERDAM,7.5,384
200005128,2024-01-02T10:09:03.780169+00:00,52.03693,4.653723,16.9,254.1,256.7,80,ROTTERDAM,7.5,384
200005128,2024-01-02T10:57:34.968811+00:00,52.001441,4.528888,18.2,48.7,45.4,80,ROTTERDAM,7.5,384
200005128,2024-01-02T11:46:06.157452+00:00,52.158349,4.707402,18.4,213.0,212.8,80,ROTTERDAM,7.5,384
200005128,2024-01-02T12:34:37.346094+00:00,52.048995,4.636255,17.3,216.9,214.6,80,ROTTERDAM,7.5,384
200005128,2024-01-02T13:23:08.534736+00:00,51.985835,4.588834,15.4,22.4,18.7,80,ROTTERDAM,7.5,384
200005128,2024-01-02T14:11:39.723378+00:00,52.058041,4.618573,15.4,240.2,242.3,80,ROTTERDAM,7.5,384
200005128,2024-01-02T15:00:10.912019+00:00,51.996584,4.511142,15.9,98.1,98.0,80,ROTTERDAM,7.5,384
200005128,2024-01-02T15:48:42.100661+00:00,51.979193,4.632596,17.3,290.1,292.6,80,ROTTERDAM,7.5,384
200005128,2024-01-02T16:37:13.289303+00:00,52.009746,4.549107,18.1,181.2,180.7,80,ROTTERDAM,7.5,384
200005128,2024-01-02T17:25:44.477945+00:00,51.906834,4.546939,15.5,342.6,340.0,80,ROTTERDAM,7.5,384
200005128,2024-01-02T18:14:15.666586+00:00,51.978856,4.524397,19.3,349.5,346.2,80,ROTTERDAM,7.5,384
200005128,2024-01-02T19:02:46.855228+00:00,52.046668,4.511784,16.2,146.0,145.0,80,ROTTERDAM,7.5,384
200005128,2024-01-02T19:51:18.043870+00:00,51.964125,4.567387,12.4,209.9,212.4,80,ROTTERDAM,7.5,384
200005128,2024-01-02T20:39:49.232512+00:00,51.911802,4.537285,20.6,145.2,143.0,80,ROTTERDAM,7.5,384
200005128,2024-01-02T21:28:20.421153+00:00,51.895053,4.548914,16.8,262.6,262.0,80,ROTTERDAM,7.5,384
200005128,2024-01-02T22:16:51.609795+00:00,51.889687,4.507724,18.4,97.6,96.3,80,ROTTERDAM,7.5,384
200005128,2024-01-02T23:05:22.798437+00:00,51.887302,4.52566,13.3,0.0,2.6,80,ROTTERDAM,7.5,384
200006059,2024-01-01T10:07:38.695238+00:00,51.965601,4.463521,14.6,277.3,278.3,72,HAMBURG,7.0,365
200006059,2024-01-01T10:38:54.885625+00:00,51.905575,4.590899,18.5,128.2,131.5,72,HAMBURG,7.0,365
200006059,2024-01-01T11:10:11.076012+00:00,51.84594,4.666627,17.2,50.1,47.3,72,HAMBURG,7.0,365
200006059,2024-01-01T11:41:27.266399+00:00,51.900599,4.732042,15.7,127.8,128.5,72,HAMBURG,7.0,365
200006059,2024-01-01T12:12:43.456786+00:00,51.84785,4.79993,20.3,43.4,38.9,72,HAMBURG,7.0,365
200006059,2024-01-01T12:43:59.647172+00:00,51.99496,4.938888,19.1,291.4,295.1,72,HAMBURG,7.0,365
200006059,2024-01-01T13:15:15.837559+00:00,52.018581,4.87862,18.3,85.6,84.5,72,HAMBURG,7.0,365
200006059,2024-01-01T13:46:32.027946+00:00,52.02811,5.001253,19.5,53.7,49.2,72,HAMBURG,7.0,365
200006059,2024-01-01T14:17:48.218333+00:00,52.124611,5.132634,14.7,70.8,74.5,72,HAMBURG,7.0,365
200006059,2024-01-01T14:49:04.408720+00:00,52.151926,5.211227,16.7,232.9,230.1,72,HAMBURG,7.0,365
200006059,2024-01-01T15:20:20.599107+00:00,52.104814,5.148912,18.6,121.1,123.9,72,HAMBURG,7.0,365
200006059,2024-01-01T15:51:36.789494+00:00,52.027932,5.276382,22.5,44.4,41.7,72,HAMBURG,7.0,365
200006059,2024-01-01T16:22:52.979881+00:00,52.186864,5.431906,18.2,58.3,62.9,72,HAMBURG,7.0,365
200006059,2024-01-01T16:54:09.170268+00:00,52.205101,5.461404,16.8,80.9,82.2,72,HAMBURG,7.0,365
200006059,2024-01-01T17:25:25.360654+00:00,52.214136,5.517763,13.1,43.1,43.4,72,HAMBURG,7.0,365
200006059,2024-01-01T17:56:41.551041+00:00,52.269074,5.569116,21.6,143.5,143.0,72,HAMBURG,7.0,365
200006059,2024-01-01T18:27:57.741428+00:00,52.183092,5.63281,18.3,30.4,27.4,72,HAMBURG,7.0,365
200006059,2024-01-01T18:59:13.931815+00:00,52.363104,5.738411,17.5,160.5,163.6,72,HAMBURG,7.0,365
200006059,2024-01-01T19:30:30.122202+00:00,52.236029,5.783381,13.2,37.7,38.5,72,HAMBURG,7.0,365
200006059,2024-01-01T20:01:46.312589+00:00,52.342794,5.865871,17.6,142.2,146.9,72,HAMBURG,7.0,365
200006059,2024-01-01T20:33:02.502976+00:00,52.242299,5.94393,18.1,30.0,34.2,72,HAMBURG,7.0,365
200006059,2024-01-01T21:04:18.693363+00:00,52.301487,5.978096,16.7,42.7,39.4,72,HAMBURG,7.0,365
200006059,2024-01-01T21:35:34.883750+00:00,52.445152,6.110606,15.1,109.5,105.4,72,HAMBURG,7.0,365
200006059,2024-01-01T22:06:51.074136+00:00,52.377622,6.301712,15.0,295.2,290.9,72,HAMBURG,7.0,365
200006059,2024-01-01T22:38:07.264523+00:00,52.453996,6.139151,21.6,92.9,88.6,72,HAMBURG,7.0,365
200006059,2024-01-01T23:09:23.454910+00:00,52.445181,6.316201,18.0,76.6,79.9,72,HAMBURG,7.0,365
200006059,2024-01-01T23:40:39.645297+00:00,52.449419,6.33399,16.7,55.7,58.4,72,HAMBURG,7.0,365
200006059,2024-01-02T00:11:55.835684+00:00,52.544193,6.47287,17.9,142.2,146.1,72,HAMBURG,7.0,365
200006059,2024-01-02T00:43:12.026071+00:00,52.4855,6.518328,17.7,117.4,117.6,72,HAMBURG,7.0,365
200006059,2024-01-02T01:14:28.216458+00:00,52.42963,6.626093,14.9,52.9,52.3,72,HAMBURG,7.0,365
200006059,2024-01-02T01:45:44.406845+00:00,52.499838,6.718775,19.6,14.4,14.1,72,HAMBURG,7.0,365
200006059,2024-01-02T02:17:00.597232+00:00,52.588893,6.741621,17.4,83.5,86.5,72,HAMBURG,7.0,365
200006059,2024-01-02T02:48:16.787618+00:00,52.602442,6.860603,18.0,233.0,229.5,72,HAMBURG,7.0,365
200006059,2024-01-02T03:19:32.978005+00:00,52.525647,6.758785,20.8,76.7,80.1,72,HAMBURG,7.0,365
200006059,2024-01-02T03:50:49.168392+00:00,52.589116,7.027523,15.2,21.5,23.4,72,HAMBURG,7.0,365
200006059,2024-01-02T04:22:05.358779+00:00,52.617581,7.038753,16.3,73.3,69.1,72,HAMBURG,7.0,365
200006059,2024-01-02T04:53:21.549166+00:00,52.649727,7.145892,18.4,235.8,233.8,72,HAMBURG,7.0,365
200006059,2024-01-02T05:24:37.739553+00:00,52.620538,7.103006,19.6,57.3,59.2,72,HAMBURG,7.0,365
200006059,2024-01-02T05:55:53.929940+00:00,52.679248,7.194462,16.6,82.3,80.3,72,HAMBURG,7.0,365
200006059,2024-01-02T06:27:10.120327+00:00,52.695569,7.315297,16.7,33.5,31.4,72,HAMBURG,7.0,365
200006059,2024-01-02T06:58:26.310714+00:00,52.79191,7.379148,19.1,75.1,76.3,72,HAMBURG,7.0,365
200006059,2024-01-02T07:29:42.501100+00:00,52.815123,7.466153,22.3,103.3,104.5,72,HAMBURG,7.0,365
200006059,2024-01-02T08:00:58.691487+00:00,52.788709,7.578226,17.9,277.3,279.2,72,HAMBURG,7.0,365
200006059,2024-01-02T08:32:14.881874+00:00,52.797731,7.507739,16.2,77.1,78.9,72,HAMBURG,7.0,365
200006059,2024-01-02T09:03:31.072261+00:00,52.845663,7.716691,15.7,138.2,137.6,72,HAMBURG,7.0,365
200006059,2024-01-02T09:34:47.262648+00:00,52.819171,7.740414,17.5,85.5,81.4,72,HAMBURG,7.0,365
200006059,2024-01-02T10:06:03.453035+00:00,52.823992,7.801811,19.5,15.3,14.7,72,HAMBURG,7.0,365
200006059,2024-01-02T10:37:19.643422+00:00,52.855656,7.810444,23.4,77.9,75.3,72,HAMBURG,7.0,365
200006059,2024-01-02T11:08:35.833809+00:00,52.892259,7.981152,17.2,266.1,266.5,72,HAMBURG,7.0,365
200006059,2024-01-02T11:39:52.024196+00:00,52.88716,7.907295,17.9,68.7,68.5,72,HAMBURG,7.0,365
200006059,2024-01-02T12:11:08.214582+00:00,52.97477,8.13242,21.2,324.8,326.0,72,HAMBURG,7.0,365
200006059,2024-01-02T12:42:24.404969+00:00,53.024486,8.097395,18.4,122.3,122.3,72,HAMBURG,7.0,365
200006059,2024-01-02T13:13:40.595356+00:00,52.929978,8.246673,18.2,31.9,32.9,72,HAMBURG,7.0,365
200006059,2024-01-02T13:44:56.785743+00:00,53.031923,8.310042,20.7,86.2,81.9,72,HAMBURG,7.0,365
200006059,2024-01-02T14:16:12.976130+00:00,53.041003,8.446477,18.0,5.3,5.1,72,HAMBURG,7.0,365
200006059,2024-01-02T14:47:29.166517+00:00,53.090409,8.451067,15.8,85.5,85.5,72,HAMBURG,7.0,365
200006059,2024-01-02T15:18:45.356904+00:00,53.09402,8.497293,20.2,121.9,126.5,72,HAMBURG,7.0,365
200006059,2024-01-02T15:50:01.547291+00:00,53.04332,8.57867,14.6,79.1,75.9,72,HAMBURG,7.0,365
200006059,2024-01-02T16:21:17.737678+00:00,53.074214,8.739644,19.8,22.3,18.2,72,HAMBURG,7.0,365
200006059,2024-01-02T16:52:33.928064+00:00,53.160138,8.774815,17.8,20.0,19.3,72,HAMBURG,7.0,365
200006059,2024-01-02T17:23:50.118451+00:00,53.231439,8.800719,17.2,150.6,152.9,72,HAMBURG,7.0,365
200006059,2024-01-02T17:55:06.308838+00:00,53.090624,8.880178,17.1,2.1,2.8,72,HAMBURG,7.0,365
200006059,2024-01-02T18:26:22.499225+00:00,53.239953,8.885641,17.5,69.5,73.9,72,HAMBURG,7.0,365
200006059,2024-01-02T18:57:38.689612+00:00,53.303481,9.055424,16.9,217.7,219.0,72,HAMBURG,7.0,365
200006059,2024-01-02T19:28:54.879999+00:00,53.257682,9.020009,18.7,74.0,75.5,72,HAMBURG,7.0,365
200006059,2024-01-02T20:00:11.070386+00:00,53.314177,9.21759,17.0,135.3,137.9,72,HAMBURG,7.0,365
200006059,2024-01-02T20:31:27.260773+00:00,53.272847,9.258431,14.0,74.7,78.8,72,HAMBURG,7.0,365
200006059,2024-01-02T21:02:43.451159+00:00,53.323365,9.443348,17.8,242.3,244.9,72,HAMBURG,7.0,365
200006059,2024-01-02T21:33:59.641546+00:00,53.269621,9.340993,19.7,96.9,101.9,72,HAMBURG,7.0,365
200006059,2024-01-02T22:05:15.831933+00:00,53.254783,9.462867,13.9,42.0,39.8,72,HAMBURG,7.0,365
200006059,2024-01-02T22:36:32.022320+00:00,53.440472,9.629914,17.8,151.0,148.6,72,HAMBURG,7.0,365
200006059,2024-01-02T23:07:48.212707+00:00,53.365417,9.671569,16.9,334.9,339.8,72,HAMBURG,7.0,365
200006059,2024-01-02T23:39:04.403094+00:00,53.413224,9.649189,19.7,102.1,102.3,72,HAMBURG,7.0,365
200006059,2024-01-03T00:10:20.593481+00:00,53.388011,9.767198,17.3,71.7,75.3,72,HAMBURG,7.0,365
200006059,2024-01-03T00:41:36.783868+00:00,53.408168,9.8281,19.3,46.0,43.0,72,HAMBURG,7.0,365
200006059,2024-01-03T01:12:52.974255+00:00,53.491308,9.914098,19.1,0.0,3.3,72,HAMBURG,7.0,365
200007225,2024-01-01T11:58:01.763089+00:00,51.943026,1.27191,5.7,262.7,262.4,80,HAMBURG,4.8,321
200007225,2024-01-01T12:30:06.507312+00:00,52.014304,1.464645,9.4,117.1,115.3,80,HAMBURG,4.8,321
200007225,2024-01-01T13:02:11.251535+00:00,51.928922,1.631191,8.4,71.2,73.5,80,HAMBURG,4.8,321
200007225,2024-01-01T13:34:15.995758+00:00,51.997768,1.83314,11.3,61.6,58.3,80,HAMBURG,4.8,321
200007225,2024-01-01T14:06:20.739981+00:00,52.082818,1.990398,6.1,89.7,89.3,80,HAMBURG,4.8,321
200007225,2024-01-01T14:38:25.484204+00:00,52.084689,2.313764,7.8,95.1,97.5,80,HAMBURG,4.8,321
200007225,2024-01-01T15:10:30.228427+00:00,52.062315,2.563173,6.8,57.3,60.9,80,HAMBURG,4.8,321
200007225,2024-01-01T15:42:34.972650+00:00,52.175276,2.739448,9.5,43.9,47.4,80,HAMBURG,4.8,321
200007225,2024-01-01T16:14:39.716873+00:00,52.219842,2.782332,8.2,87.8,89.0,80,HAMBURG,4.8,321
200007225,2024-01-01T16:46:44.461096+00:00,52.231671,3.095334,7.0,79.4,77.0,80,HAMBURG,4.8,321
200007225,2024-01-01T17:18:49.205319+00:00,52.274616,3.325651,7.1,83.0,87.9,80,HAMBURG,4.8,321
200007225,2024-01-01T17:50:53.949542+00:00,52.287065,3.42716,8.8,61.1,57.0,80,HAMBURG,4.8,321
200007225,2024-01-01T18:22:58.693765+00:00,52.410278,3.650527,8.0,132.5,130.9,80,HAMBURG,4.8,321
200007225,2024-01-01T18:55:03.437988+00:00,52.327693,3.740514,7.8,80.4,80.2,80,HAMBURG,4.8,321
200007225,2024-01-01T19:27:08.182211+00:00,52.379725,4.0497,9.6,62.8,60.6,80,HAMBURG,4.8,321
200007225,2024-01-01T19:59:12.926434+00:00,52.446004,4.17864,6.0,72.9,76.3,80,HAMBURG,4.8,321
200007225,2024-01-01T20:31:17.670657+00:00,52.525766,4.437254,10.0,127.5,130.9,80,HAMBURG,4.8,321
200007225,2024-01-01T21:03:22.414879+00:00,52.443313,4.544667,11.4,81.4,85.9,80,HAMBURG,4.8,321
200007225,2024-01-01T21:35:27.159102+00:00,52.489031,4.845325,9.0,90.0,86.2,80,HAMBURG,4.8,321
200007225,2024-01-01T22:07:31.903325+00:00,52.489023,5.064862,9.9,36.9,36.8,80,HAMBURG,4.8,321
200007225,2024-01-01T22:39:36.647548+00:00,52.628907,5.169932,9.0,96.8,93.3,80,HAMBURG,4.8,321
200007225,2024-01-01T23:11:41.391771+00:00,52.607721,5.347699,8.1,63.2,58.7,80,HAMBURG,4.8,321
200007225,2024-01-01T23:43:46.135994+00:00,52.680772,5.492199,10.0,73.0,69.4,80,HAMBURG,4.8,321
200007225,2024-01-02T00:15:50.880217+00:00,52.769433,5.782134,8.7,99.1,98.2,80,HAMBURG,4.8,321
200007225,2024-01-02T00:47:55.624440+00:00,52.74065,5.961829,9.1,61.4,59.2,80,HAMBURG,4.8,321
200007225,2024-01-02T01:20:00.368663+00:00,52.820655,6.108813,9.7,88.1,89.2,80,HAMBURG,4.8,321
200007225,2024-01-02T01:52:05.112886+00:00,52.830488,6.404469,6.9,60.5,62.0,80,HAMBURG,4.8,321
200007225,2024-01-02T02:24:09.857109+00:00,52.915424,6.554774,5.7,80.8,76.0,80,HAMBURG,4.8,321
200007225,2024-01-02T02:56:14.601332+00:00,52.941938,6.71894,12.7,95.7,95.2,80,HAMBURG,4.8,321
200007225,2024-01-02T03:28:19.345555+00:00,52.919949,6.940453,9.9,77.3,80.4,80,HAMBURG,4.8,321
200007225,2024-01-02T04:00:24.089778+00:00,52.982477,7.217202,9.6,60.6,60.9,80,HAMBURG,4.8,321
200007225,2024-01-02T04:32:28.834001+00:00,53.07946,7.389238,8.0,88.6,83.8,80,HAMBURG,4.8,321
200007225,2024-01-02T05:04:33.578224+00:00,53.083305,7.548044,9.9,102.9,101.3,80,HAMBURG,4.8,321
200007225,2024-01-02T05:36:38.322447+00:00,53.030152,7.780955,7.9,37.4,33.5,80,HAMBURG,4.8,321
200007225,2024-01-02T06:08:43.066670+00:00,53.169145,7.887409,10.3,101.2,105.7,80,HAMBURG,4.8,321
200007225,2024-01-02T06:40:47.810893+00:00,53.118497,8.142528,10.0,51.3,52.3,80,HAMBURG,4.8,321
200007225,2024-01-02T07:12:52.555116+00:00,53.279717,8.34373,9.7,84.1,82.0,80,HAMBURG,4.8,321
200007225,2024-01-02T07:44:57.299339+00:00,53.296659,8.508326,10.1,90.1,91.4,80,HAMBURG,4.8,321
200007225,2024-01-02T08:17:02.043562+00:00,53.296312,8.749046,8.5,77.5,82.4,80,HAMBURG,4.8,321
200007225,2024-01-02T08:49:06.787785+00:00,53.326043,8.883706,8.6,86.0,85.5,80,HAMBURG,4.8,321
200007225,2024-01-02T09:21:11.532008+00:00,53.344094,9.143673,10.4,67.8,64.2,80,HAMBURG,4.8,321
200007225,2024-01-02T09:53:16.276231+00:00,53.424835,9.341229,6.7,126.2,131.1,80,HAMBURG,4.8,321
200007225,2024-01-02T10:25:21.020454+00:00,53.408734,9.363233,9.3,80.6,80.1,80,HAMBURG,4.8,321
200007225,2024-01-02T10:57:25.764677+00:00,53.475415,9.764061,11.9,346.4,344.7,80,HAMBURG,4.8,321
200007225,2024-01-02T11:29:30.508900+00:00,53.543597,9.747618,7.0,0.0,4.8,80,HAMBURG,4.8,321
200008291,2024-01-01T14:28:06.971993+00:00,51.89949,4.548228,13.4,181.0,179.5,70,BREMERHAVEN,6.6,225
200008291,2024-01-01T14:55:40.949106+00:00,52.01028,4.577229,12.0,110.9,110.0,70,BREMERHAVEN,6.6,225
200008291,2024-01-01T15:23:14.926219+00:00,51.969503,4.684227,15.2,63.3,60.8,70,BREMERHAVEN,6.6,225
200008291,2024-01-01T15:50:48.903332+00:00,51.990904,4.726738,17.7,90.7,93.5,70,BREMERHAVEN,6.6,225
200008291,2024-01-01T16:18:22.880445+00:00,51.990062,4.798277,13.7,15.4,18.8,70,BREMERHAVEN,6.6,225
200008291,2024-01-01T16:45:56.857558+00:00,52.082939,4.823885,12.3,63.1,63.4,70,BREMERHAVEN,6.6,225
200008291,2024-01-01T17:13:30.834671+00:00,52.108446,4.874189,14.7,87.3,90.5,70,BREMERHAVEN,6.6,225
200008291,2024-01-01T17:41:04.811784+00:00,52.116119,5.038845,15.5,95.7,93.3,70,BREMERHAVEN,6.6,225
200008291,2024-01-01T18:08:38.788898+00:00,52.106655,5.133594,12.4,8.7,4.8,70,BREMERHAVEN,6.6,225
200008291,2024-01-01T18:36:12.766011+00:00,52.18342,5.145309,13.8,81.6,83.9,70,BREMERHAVEN,6.6,225
200008291,2024-01-01T19:03:46.743124+00:00,52.204202,5.286738,11.6,111.3,112.3,70,BREMERHAVEN,6.6,225
200008291,2024-01-01T19:31:20.720237+00:00,52.171788,5.369995,14.9,307.0,302.7,70,BREMERHAVEN,6.6,225
200008291,2024-01-01T19:58:54.697350+00:00,52.19564,5.338353,13.3,46.7,44.3,70,BREMERHAVEN,6.6,225
200008291,2024-01-01T20:26:28.674463+00:00,52.328258,5.479244,14.5,131.4,127.5,70,BREMERHAVEN,6.6,225
200008291,2024-01-01T20:54:02.651576+00:00,52.200675,5.624209,10.9,24.5,28.4,70,BREMERHAVEN,6.6,225
200008291,2024-01-01T21:21:36.628689+00:00,52.371809,5.702045,14.2,152.0,150.2,70,BREMERHAVEN,6.6,225
200008291,2024-01-01T21:49:10.605802+00:00,52.368404,5.703855,11.4,50.3,52.4,70,BREMERHAVEN,6.6,225
200008291,2024-01-01T22:16:44.582915+00:00,52.488489,5.848307,11.5,115.9,112.5,70,BREMERHAVEN,6.6,225
200008291,2024-01-01T22:44:18.560028+00:00,52.429173,5.970351,11.1,37.0,42.0,70,BREMERHAVEN,6.6,225
200008291,2024-01-01T23:11:52.537141+00:00,52.51759,6.036931,14.2,122.0,125.8,70,BREMERHAVEN,6.6,225
200008291,2024-01-01T23:39:26.514254+00:00,52.495539,6.072159,14.3,46.9,51.1,70,BREMERHAVEN,6.6,225
200008291,2024-01-02T00:07:00.491367+00:00,52.551841,6.13237,15.5,48.8,45.0,70,BREMERHAVEN,6.6,225
200008291,2024-01-02T00:34:34.468481+00:00,52.613765,6.203148,9.6,102.3,106.8,70,BREMERHAVEN,6.6,225
200008291,2024-01-02T01:02:08.445594+00:00,52.584565,6.336853,11.8,32.2,30.7,70,BREMERHAVEN,6.6,225
200008291,2024-01-02T01:29:42.422707+00:00,52.688289,6.402063,10.9,124.4,123.5,70,BREMERHAVEN,6.6,225
200008291,2024-01-02T01:57:16.399820+00:00,52.619546,6.502624,10.6,29.6,33.5,70,BREMERHAVEN,6.6,225
200008291,2024-01-02T02:24:50.376933+00:00,52.71473,6.556594,13.1,61.2,63.3,70,BREMERHAVEN,6.6,225
200008291,2024-01-02T02:52:24.354046+00:00,52.776901,6.669784,14.0,67.5,62.9,70,BREMERHAVEN,6.6,225
200008291,2024-01-02T03:19:58.331159+00:00,52.79454,6.712422,12.3,50.5,48.8,70,BREMERHAVEN,6.6,225
200008291,2024-01-02T03:47:32.308272+00:00,52.88813,6.825773,13.5,141.1,137.1,70,BREMERHAVEN,6.6,225
200008291,2024-01-02T04:15:06.285385+00:00,52.784905,6.908926,11.0,269.8,272.3,70,BREMERHAVEN,6.6,225
200008291,2024-01-02T04:42:40.262498+00:00,52.784889,6.904004,13.1,29.8,26.2,70,BREMERHAVEN,6.6,225
200008291,2024-01-02T05:10:14.239611+00:00,52.834899,6.93267,12.1,65.3,64.0,70,BREMERHAVEN,6.6,225
200008291,2024-01-02T05:37:48.216724+00:00,52.948407,7.179098,14.1,32.6,30.6,70,BREMERHAVEN,6.6,225
200008291,2024-01-02T06:05:22.193837+00:00,52.97105,7.193602,11.2,299.1,297.8,70,BREMERHAVEN,6.6,225
200008291,2024-01-02T06:32:56.170950+00:00,52.982036,7.173891,13.1,103.3,102.2,70,BREMERHAVEN,6.6,225
200008291,2024-01-02T07:00:30.148064+00:00,52.951544,7.302771,9.3,50.7,48.3,70,BREMERHAVEN,6.6,225
200008291,2024-01-02T07:28:04.125177+00:00,53.076805,7.455901,13.1,159.1,158.0,70,BREMERHAVEN,6.6,225
200008291,2024-01-02T07:55:38.102290+00:00,53.007996,7.48217,11.4,24.1,24.5,70,BREMERHAVEN,6.6,225
200008291,2024-01-02T08:23:12.079403+00:00,53.157947,7.549397,12.7,56.5,55.2,70,BREMERHAVEN,6.6,225
200008291,2024-01-02T08:50:46.056516+00:00,53.273641,7.72389,14.2,204.9,209.6,70,BREMERHAVEN,6.6,225
200008291,2024-01-02T09:18:20.033629+00:00,53.179861,7.680328,12.4,65.5,69.6,70,BREMERHAVEN,6.6,225
200008291,2024-01-02T09:45:54.010742+00:00,53.221463,7.771631,13.9,100.1,95.7,70,BREMERHAVEN,6.6,225
200008291,2024-01-02T10:13:27.987855+00:00,53.198434,7.900954,12.2,111.8,113.8,70,BREMERHAVEN,6.6,225
200008291,2024-01-02T10:41:01.964968+00:00,53.163335,7.988754,15.0,42.7,42.3,70,BREMERHAVEN,6.6,225
200008291,2024-01-02T11:08:35.942081+00:00,53.254479,8.072894,16.6,86.4,87.0,70,BREMERHAVEN,6.6,225
200008291,2024-01-02T11:36:09.919194+00:00,53.26074,8.172485,13.1,73.2,75.7,70,BREMERHAVEN,6.6,225
200008291,2024-01-02T12:03:43.896307+00:00,53.273804,8.215698,12.8,26.3,28.5,70,BREMERHAVEN,6.6,225
200008291,2024-01-02T12:31:17.873420+00:00,53.463041,8.309085,10.1,135.2,136.5,70,BREMERHAVEN,6.6,225
200008291,2024-01-02T12:58:51.850533+00:00,53.421335,8.350501,11.5,69.2,71.7,70,BREMERHAVEN,6.6,225
200008291,2024-01-02T13:26:25.827647+00:00,53.457446,8.445443,11.4,92.6,96.3,70,BREMERHAVEN,6.6,225
200008291,2024-01-02T13:53:59.804760+00:00,53.45378,8.526531,13.5,66.0,66.5,70,BREMERHAVEN,6.6,225
200008291,2024-01-02T14:21:33.781873+00:00,53.491356,8.610755,14.2,0.0,3.6,70,BREMERHAVEN,6.6,225
200009750,2024-01-01T16:06:57.349274+00:00,51.924254,1.360135,16.7,335.5,340.2,80,AMSTERDAM,7.3,189
200009750,2024-01-01T16:46:08.707175+00:00,51.854319,1.337686,12.9,90.9,91.3,80,AMSTERDAM,7.3,189
200009750,2024-01-01T17:25:20.065077+00:00,51.852048,1.47628,18.6,17.3,13.3,80,AMSTERDAM,7.3,189
200009750,2024-01-01T18:04:31.422978+00:00,52.003732,1.523436,15.8,129.7,129.9,80,AMSTERDAM,7.3,189
200009750,2024-01-01T18:43:42.780880+00:00,51.886613,1.664691,11.8,271.2,275.5,80,AMSTERDAM,7.3,189
200009750,2024-01-01T19:22:54.138781+00:00,51.888786,1.557582,11.4,50.6,47.6,80,AMSTERDAM,7.3,189
200009750,2024-01-01T20:02:05.496683+00:00,51.947225,1.628728,13.3,85.3,81.3,80,AMSTERDAM,7.3,189
200009750,2024-01-01T20:41:16.854584+00:00,51.952867,1.697809,12.8,123.1,125.3,80,AMSTERDAM,7.3,189
200009750,2024-01-01T21:20:28.212486+00:00,51.920448,1.74762,14.6,45.7,47.6,80,AMSTERDAM,7.3,189
200009750,2024-01-01T21:59:39.570387+00:00,51.958522,1.786647,13.6,337.8,340.4,80,AMSTERDAM,7.3,189
200009750,2024-01-01T22:38:50.928289+00:00,52.043436,1.75203,13.0,118.1,120.3,80,AMSTERDAM,7.3,189
200009750,2024-01-01T23:18:02.286190+00:00,51.949864,1.927445,10.5,102.1,100.3,80,AMSTERDAM,7.3,189
200009750,2024-01-01T23:57:13.644092+00:00,51.928677,2.026665,14.9,7.2,11.8,80,AMSTERDAM,7.3,189
200009750,2024-01-02T00:36:25.001993+00:00,52.053687,2.042552,10.3,94.5,96.2,80,AMSTERDAM,7.3,189
200009750,2024-01-02T01:15:36.359895+00:00,52.039369,2.222999,15.8,218.0,220.6,80,AMSTERDAM,7.3,189
200009750,2024-01-02T01:54:47.717796+00:00,51.991925,2.185915,9.6,108.0,104.6,80,AMSTERDAM,7.3,189
200009750,2024-01-02T02:33:59.075697+00:00,51.952039,2.308814,10.2,8.6,9.0,80,AMSTERDAM,7.3,189
200009750,2024-01-02T03:13:10.433599+00:00,52.002113,2.31635,11.8,63.9,64.6,80,AMSTERDAM,7.3,189
200009750,2024-01-02T03:52:21.791500+00:00,52.044806,2.403615,12.7,24.6,23.6,80,AMSTERDAM,7.3,189
200009750,2024-01-02T04:31:33.149402+00:00,52.114021,2.435274,12.3,131.9,132.8,80,AMSTERDAM,7.3,189
200009750,2024-01-02T05:10:44.507303+00:00,52.012105,2.548767,12.7,353.2,355.4,80,AMSTERDAM,7.3,189
200009750,2024-01-02T05:49:55.865205+00:00,52.067905,2.542141,14.1,60.3,63.2,80,AMSTERDAM,7.3,189
200009750,2024-01-02T06:29:07.223106+00:00,52.114085,2.623167,11.8,160.0,156.1,80,AMSTERDAM,7.3,189
200009750,2024-01-02T07:08:18.581008+00:00,51.969461,2.675694,14.1,8.4,8.6,80,AMSTERDAM,7.3,189
200009750,2024-01-02T07:47:29.938909+00:00,52.148411,2.701979,8.8,137.6,139.4,80,AMSTERDAM,7.3,189
200009750,2024-01-02T08:26:41.296811+00:00,52.045796,2.795659,11.8,60.9,61.8,80,AMSTERDAM,7.3,189
200009750,2024-01-02T09:05:52.654712+00:00,52.129715,2.946146,10.2,273.4,275.7,80,AMSTERDAM,7.3,189
200009750,2024-01-02T09:45:04.012614+00:00,52.133646,2.879923,15.8,61.8,62.8,80,AMSTERDAM,7.3,189
200009750,2024-01-02T10:24:15.370515+00:00,52.183738,2.973432,12.1,100.4,98.8,80,AMSTERDAM,7.3,189
200009750,2024-01-02T11:03:26.728416+00:00,52.165251,3.074364,14.8,159.0,162.6,80,AMSTERDAM,7.3,189
200009750,2024-01-02T11:42:38.086318+00:00,52.027037,3.127504,9.8,1.7,1.9,80,AMSTERDAM,7.3,189
200009750,2024-01-02T12:21:49.444219+00:00,52.114859,3.130094,16.7,311.8,307.3,80,AMSTERDAM,7.3,189
200009750,2024-01-02T13:01:00.802121+00:00,52.169205,3.069355,13.8,92.4,89.3,80,AMSTERDAM,7.3,189
200009750,2024-01-02T13:40:12.160022+00:00,52.160743,3.273376,17.8,298.3,302.7,80,AMSTERDAM,7.3,189
200009750,2024-01-02T14:19:23.517924+00:00,52.202569,3.195584,13.5,84.4,81.8,80,AMSTERDAM,7.3,189
200009750,2024-01-02T14:58:34.875825+00:00,52.226354,3.439071,10.5,262.0,260.3,80,AMSTERDAM,7.3,189
200009750,2024-01-02T15:37:46.233727+00:00,52.225505,3.433064,11.5,108.1,107.0,80,AMSTERDAM,7.3,189
200009750,2024-01-02T16:16:57.591628+00:00,52.192565,3.53359,13.1,206.2,209.2,80,AMSTERDAM,7.3,189
200009750,2024-01-02T16:56:08.949530+00:00,52.119159,3.497517,11.6,18.8,17.8,80,AMSTERDAM,7.3,189
200009750,2024-01-02T17:35:20.307431+00:00,52.196898,3.524014,15.5,70.9,75.1,80,AMSTERDAM,7.3,189
200009750,2024-01-02T18:14:31.665333+00:00,52.248687,3.673693,13.7,146.6,146.8,80,AMSTERDAM,7.3,189
200009750,2024-01-02T18:53:43.023234+00:00,52.181543,3.717992,11.6,21.0,18.1,80,AMSTERDAM,7.3,189
200009750,2024-01-02T19:32:54.381136+00:00,52.275826,3.754111,15.2,75.9,75.9,80,AMSTERDAM,7.3,189
200009750,2024-01-02T20:12:05.739037+00:00,52.297879,3.841938,12.8,99.1,100.9,80,AMSTERDAM,7.3,189
200009750,2024-01-02T20:51:17.096938+00:00,52.266999,4.035093,15.1,194.0,197.3,80,AMSTERDAM,7.3,189
200009750,2024-01-02T21:30:28.454840+00:00,52.115663,3.997464,12.5,35.6,31.1,80,AMSTERDAM,7.3,189
200009750,2024-01-02T22:09:39.812741+00:00,52.213145,4.067229,14.6,16.3,20.7,80,AMSTERDAM,7.3,189
200009750,2024-01-02T22:48:51.170643+00:00,52.379555,4.115967,12.7,141.3,142.8,80,AMSTERDAM,7.3,189
200009750,2024-01-02T23:28:02.528544+00:00,52.266116,4.20676,15.6,201.0,200.2,80,AMSTERDAM,7.3,189
200009750,2024-01-03T00:07:13.886446+00:00,52.202432,4.1823,9.9,348.6,344.5,80,AMSTERDAM,7.3,189
200009750,2024-01-03T00:46:25.244347+00:00,52.371598,4.148082,11.0,109.2,112.5,80,AMSTERDAM,7.3,189
200009750,2024-01-03T01:25:36.602249+00:00,52.318701,4.300407,13.2,60.1,57.3,80,AMSTERDAM,7.3,189
200009750,2024-01-03T02:04:47.960150+00:00,52.381477,4.409439,12.2,222.2,219.3,80,AMSTERDAM,7.3,189
200009750,2024-01-03T02:43:59.318052+00:00,52.348274,4.379379,12.7,80.1,80.7,80,AMSTERDAM,7.3,189
200009750,2024-01-03T03:23:10.675953+00:00,52.365551,4.478067,14.9,84.1,85.4,80,AMSTERDAM,7.3,189
200009750,2024-01-03T04:02:22.033855+00:00,52.36897,4.511313,12.6,81.6,78.1,80,AMSTERDAM,7.3,189
200009750,2024-01-03T04:41:33.391756+00:00,52.393891,4.680019,14.2,13.8,17.8,80,AMSTERDAM,7.3,189
200009750,2024-01-03T05:20:44.749657+00:00,52.481085,4.701407,11.7,136.5,137.9,80,AMSTERDAM,7.3,189
200009750,2024-01-03T05:59:56.107559+00:00,52.42396,4.755528,9.5,154.3,155.7,80,AMSTERDAM,7.3,189
200009750,2024-01-03T06:39:07.465460+00:00,52.30459,4.813047,15.1,13.4,8.6,80,AMSTERDAM,7.3,189
200009750,2024-01-03T07:18:18.823362+00:00,52.414136,4.839121,17.2,58.7,59.6,80,AMSTERDAM,7.3,189
200009750,2024-01-03T07:57:30.181263+00:00,52.457074,4.909878,14.0,0.0,358.8,80,AMSTERDAM,7.3,189
200010330,2024-01-01T17:28:52.914521+00:00,52.394284,4.870674,13.9,126.4,129.6,89,HAMBURG,10.7,169
200010330,2024-01-01T17:44:02.400631+00:00,52.443286,5.072963,10.0,72.9,75.6,89,HAMBURG,10.7,169
200010330,2024-01-01T17:59:11.886742+00:00,52.51826,5.316627,13.4,63.4,63.3,89,HAMBURG,10.7,169
200010330,2024-01-01T18:14:21.372852+00:00,52.58268,5.445003,15.8,117.7,121.3,89,HAMBURG,10.7,169
200010330,2024-01-01T18:29:30.858962+00:00,52.551612,5.504082,17.1,72.3,76.3,89,HAMBURG,10.7,169
200010330,2024-01-01T18:44:40.345073+00:00,52.630421,5.751307,14.2,97.9,102.5,89,HAMBURG,10.7,169
200010330,2024-01-01T18:59:49.831183+00:00,52.592498,6.023597,17.5,33.1,37.4,89,HAMBURG,10.7,169
200010330,2024-01-01T19:14:59.317294+00:00,52.703815,6.096207,12.3,112.5,111.7,89,HAMBURG,10.7,169
200010330,2024-01-01T19:30:08.803404+00:00,52.665349,6.189286,15.0,69.9,68.3,89,HAMBURG,10.7,169
200010330,2024-01-01T19:45:18.289514+00:00,52.795912,6.546377,15.1,50.0,47.4,89,HAMBURG,10.7,169
200010330,2024-01-01T20:00:27.775625+00:00,52.889842,6.658258,15.4,120.3,120.2,89,HAMBURG,10.7,169
200010330,2024-01-01T20:15:37.261735+00:00,52.811137,6.793051,14.5,112.6,113.9,89,HAMBURG,10.7,169
200010330,2024-01-01T20:30:46.747845+00:00,52.745545,6.950395,14.9,63.9,63.2,89,HAMBURG,10.7,169
200010330,2024-01-01T20:45:56.233956+00:00,52.8657,7.195497,12.2,35.7,32.8,89,HAMBURG,10.7,169
200010330,2024-01-01T21:01:05.720066+00:00,52.992628,7.286694,16.9,89.1,86.1,89,HAMBURG,10.7,169
200010330,2024-01-01T21:16:15.206177+00:00,52.996619,7.54362,16.1,80.9,83.5,89,HAMBURG,10.7,169
200010330,2024-01-01T21:31:24.692287+00:00,53.019342,7.68573,14.8,64.3,67.9,89,HAMBURG,10.7,169
200010330,2024-01-01T21:46:34.178397+00:00,53.095261,7.843269,16.1,86.0,89.8,89,HAMBURG,10.7,169
200010330,2024-01-01T22:01:43.664508+00:00,53.106981,8.010724,17.0,64.5,67.5,89,HAMBURG,10.7,169
200010330,2024-01-01T22:16:53.150618+00:00,53.181576,8.167114,15.4,84.4,87.8,89,HAMBURG,10.7,169
200010330,2024-01-01T22:32:02.636728+00:00,53.204592,8.400558,18.5,48.5,47.7,89,HAMBURG,10.7,169
200010330,2024-01-01T22:47:12.122839+00:00,53.272637,8.477423,15.6,98.5,101.0,89,HAMBURG,10.7,169
200010330,2024-01-01T23:02:21.608949+00:00,53.252423,8.612007,12.5,77.1,81.3,89,HAMBURG,10.7,169
200010330,2024-01-01T23:17:31.095060+00:00,53.317677,8.896239,14.7,97.5,98.1,89,HAMBURG,10.7,169
200010330,2024-01-01T23:32:40.581170+00:00,53.294988,9.069493,16.2,82.0,79.2,89,HAMBURG,10.7,169
200010330,2024-01-01T23:47:50.067280+00:00,53.318203,9.234357,17.0,47.7,46.7,89,HAMBURG,10.7,169
200010330,2024-01-02T00:02:59.553391+00:00,53.471545,9.403145,14.6,105.1,102.5,89,HAMBURG,10.7,169
200010330,2024-01-02T00:18:09.039501+00:00,53.434948,9.539145,12.3,73.5,76.6,89,HAMBURG,10.7,169
200010330,2024-01-02T00:33:18.525611+00:00,53.502313,9.76696,13.7,88.3,84.0,89,HAMBURG,10.7,169
200010330,2024-01-02T00:48:28.011722+00:00,53.506187,9.897722,11.5,0.0,359.7,89,HAMBURG,10.7,169
200011302,2024-01-01T18:29:09.294597+00:00,51.269851,3.176781,19.2,277.3,277.3,89,LE_HAVRE,10.8,205
200011302,2024-01-01T19:11:24.983585+00:00,51.24988,3.171718,12.6,220.6,221.5,89,LE_HAVRE,10.8,205
200011302,2024-01-01T19:53:40.672573+00:00,51.146143,3.082934,12.6,321.9,319.3,89,LE_HAVRE,10.8,205
200011302,2024-01-01T20:35:56.361562+00:00,51.174526,3.060647,16.3,67.7,70.0,89,LE_HAVRE,10.8,205
200011302,2024-01-01T21:18:12.050550+00:00,51.177588,3.068119,16.4,278.8,275.5,89,LE_HAVRE,10.8,205
200011302,2024-01-01T22:00:27.739538+00:00,51.193977,2.962721,13.9,235.3,239.0,89,LE_HAVRE,10.8,205
200011302,2024-01-01T22:42:43.428526+00:00,51.078388,2.796075,12.2,32.9,28.3,89,LE_HAVRE,10.8,205
200011302,2024-01-01T23:24:59.117514+00:00,51.169309,2.854903,13.5,185.3,185.9,89,LE_HAVRE,10.8,205
200011302,2024-01-02T00:07:14.806502+00:00,51.021704,2.841304,14.5,256.3,257.3,89,LE_HAVRE,10.8,205
200011302,2024-01-02T00:49:30.495491+00:00,50.991269,2.716039,11.9,5.9,10.1,89,LE_HAVRE,10.8,205
200011302,2024-01-02T01:31:46.184479+00:00,51.071783,2.724358,14.9,234.7,236.5,89,LE_HAVRE,10.8,205
200011302,2024-01-02T02:14:01.873467+00:00,50.97498,2.587528,16.0,233.4,237.9,89,LE_HAVRE,10.8,205
200011302,2024-01-02T02:56:17.562455+00:00,50.906297,2.495215,11.0,110.3,112.7,89,LE_HAVRE,10.8,205
200011302,2024-01-02T03:38:33.251443+00:00,50.895633,2.524008,16.0,286.9,284.1,89,LE_HAVRE,10.8,205
200011302,2024-01-02T04:20:48.940432+00:00,50.940535,2.376583,12.9,136.9,139.2,89,LE_HAVRE,10.8,205
200011302,2024-01-02T05:03:04.629420+00:00,50.915683,2.399876,17.8,170.7,170.2,89,LE_HAVRE,10.8,205
200011302,2024-01-02T05:45:20.318408+00:00,50.771025,2.423664,15.8,272.2,275.5,89,LE_HAVRE,10.8,205
200011302,2024-01-02T06:27:36.007396+00:00,50.779234,2.211292,15.4,221.4,222.8,89,LE_HAVRE,10.8,205
200011302,2024-01-02T07:09:51.696384+00:00,50.755355,2.190262,13.9,205.5,203.2,89,LE_HAVRE,10.8,205
200011302,2024-01-02T07:52:07.385372+00:00,50.671027,2.150093,19.5,345.6,341.1,89,LE_HAVRE,10.8,205
200011302,2024-01-02T08:34:23.074361+00:00,50.687046,2.145987,13.3,247.9,247.2,89,LE_HAVRE,10.8,205
200011302,2024-01-02T09:16:38.763349+00:00,50.659588,2.078324,12.2,53.7,51.1,89,LE_HAVRE,10.8,205
200011302,2024-01-02T09:58:54.452337+00:00,50.685824,2.114025,12.9,250.0,250.9,89,LE_HAVRE,10.8,205
200011302,2024-01-02T10:41:10.141325+00:00,50.658676,2.039243,16.4,215.1,210.8,89,LE_HAVRE,10.8,205
200011302,2024-01-02T11:23:25.830313+00:00,50.551336,1.963747,14.5,250.5,249.3,89,LE_HAVRE,10.8,205
200011302,2024-01-02T12:05:41.519302+00:00,50.52659,1.893722,14.2,288.5,287.8,89,LE_HAVRE,10.8,205
200011302,2024-01-02T12:47:57.208290+00:00,50.539994,1.85356,13.4,231.1,229.3,89,LE_HAVRE,10.8,205
200011302,2024-01-02T13:30:12.897278+00:00,50.447012,1.738257,14.1,49.9,54.3,89,LE_HAVRE,10.8,205
200011302,2024-01-02T14:12:28.586266+00:00,50.475195,1.771674,13.2,246.9,246.2,89,LE_HAVRE,10.8,205
200011302,2024-01-02T14:54:44.275254+00:00,50.410859,1.620669,15.6,149.0,148.1,89,LE_HAVRE,10.8,205
200011302,2024-01-02T15:36:59.964242+00:00,50.336276,1.665498,13.8,229.5,227.7,89,LE_HAVRE,10.8,205
200011302,2024-01-02T16:19:15.653231+00:00,50.306395,1.630494,13.0,311.5,310.7,89,LE_HAVRE,10.8,205
200011302,2024-01-02T17:01:31.342219+00:00,50.396082,1.529187,16.2,213.0,212.1,89,LE_HAVRE,10.8,205
200011302,2024-01-02T17:43:47.031207+00:00,50.285399,1.457291,12.3,338.2,342.5,89,LE_HAVRE,10.8,205
200011302,2024-01-02T18:26:02.720195+00:00,50.34473,1.433575,14.5,237.3,238.6,89,LE_HAVRE,10.8,205
200011302,2024-01-02T19:08:18.409183+00:00,50.206522,1.217941,10.4,84.7,79.9,89,LE_HAVRE,10.8,205
200011302,2024-01-02T19:50:34.098172+00:00,50.216255,1.323587,11.5,315.5,312.6,89,LE_HAVRE,10.8,205
200011302,2024-01-02T20:32:49.787160+00:00,50.29082,1.250265,13.5,193.7,192.7,89,LE_HAVRE,10.8,205
200011302,2024-01-02T21:15:05.476148+00:00,50.087809,1.200858,13.2,191.4,186.5,89,LE_HAVRE,10.8,205
200011302,2024-01-02T21:57:21.165136+00:00,50.015279,1.186174,13.2,324.6,320.5,89,LE_HAVRE,10.8,205
200011302,2024-01-02T22:39:36.854124+00:00,50.143991,1.094567,15.8,217.8,216.1,89,LE_HAVRE,10.8,205
200011302,2024-01-02T23:21:52.543112+00:00,50.007812,0.988752,16.0,345.1,342.3,89,LE_HAVRE,10.8,205
200011302,2024-01-03T00:04:08.232101+00:00,50.017609,0.98615,14.9,215.6,220.0,89,LE_HAVRE,10.8,205
200011302,2024-01-03T00:46:23.921089+00:00,49.95884,0.944056,12.2,283.7,279.9,89,LE_HAVRE,10.8,205
200011302,2024-01-03T01:28:39.610077+00:00,49.971035,0.893882,14.0,208.8,213.6,89,LE_HAVRE,10.8,205
200011302,2024-01-03T02:10:55.299065+00:00,49.879592,0.843689,18.1,312.8,313.9,89,LE_HAVRE,10.8,205
200011302,2024-01-03T02:53:10.988053+00:00,49.887613,0.835019,19.3,270.4,266.2,89,LE_HAVRE,10.8,205
200011302,2024-01-03T03:35:26.677042+00:00,49.888592,0.676207,16.2,174.2,171.2,89,LE_HAVRE,10.8,205
200011302,2024-01-03T04:17:42.366030+00:00,49.785178,0.686751,12.3,168.1,167.3,89,LE_HAVRE,10.8,205
200011302,2024-01-03T04:59:58.055018+00:00,49.770081,0.68992,14.1,266.4,270.7,89,LE_HAVRE,10.8,205
200011302,2024-01-03T05:42:13.744006+00:00,49.757207,0.486151,14.7,153.0,157.9,89,LE_HAVRE,10.8,205
200011302,2024-01-03T06:24:29.432994+00:00,49.672627,0.529321,14.4,282.3,283.8,89,LE_HAVRE,10.8,205
200011302,2024-01-03T07:06:45.121982+00:00,49.692431,0.438528,16.5,265.3,260.9,89,LE_HAVRE,10.8,205
200011302,2024-01-03T07:49:00.810971+00:00,49.688991,0.396719,15.7,234.5,235.2,89,LE_HAVRE,10.8,205
200011302,2024-01-03T08:31:16.499959+00:00,49.632565,0.317471,12.2,213.2,209.7,89,LE_HAVRE,10.8,205
200011302,2024-01-03T09:13:32.188947+00:00,49.608465,0.301692,13.0,110.5,112.2,89,LE_HAVRE,10.8,205
200011302,2024-01-03T09:55:47.877935+00:00,49.59053,0.34969,16.2,253.3,249.9,89,LE_HAVRE,10.8,205
200011302,2024-01-03T10:38:03.566923+00:00,49.52823,0.141863,17.1,307.6,311.2,89,LE_HAVRE,10.8,205
200011302,2024-01-03T11:20:19.255912+00:00,49.565062,0.094062,14.8,276.5,278.6,89,LE_HAVRE,10.8,205
200011302,2024-01-03T12:02:34.944900+00:00,49.571799,0.034903,17.4,0.0,355.1,89,LE_HAVRE,10.8,205
200012872,2024-01-01T21:00:53.070060+00:00,49.48302,0.148942,18.7,212.4,208.2,70,ZEEBRUGGE,11.7,125
200012872,2024-01-01T21:51:04.619066+00:00,49.504159,0.187715,15.5,61.8,59.7,70,ZEEBRUGGE,11.7,125
200012872,2024-01-01T22:41:16.168072+00:00,49.523865,0.224428,15.2,47.4,50.1,70,ZEEBRUGGE,11.7,125
200012872,2024-01-01T23:31:27.717078+00:00,49.677589,0.391779,18.7,145.3,143.1,70,ZEEBRUGGE,11.7,125
200012872,2024-01-02T00:21:39.266085+00:00,49.655425,0.407113,16.9,9.8,14.3,70,ZEEBRUGGE,11.7,125
200012872,2024-01-02T01:11:50.815091+00:00,49.89622,0.448594,13.1,127.7,126.0,70,ZEEBRUGGE,11.7,125
200012872,2024-01-02T02:02:02.364097+00:00,49.737588,0.653764,14.9,8.3,10.8,70,ZEEBRUGGE,11.7,125
200012872,2024-01-02T02:52:13.913103+00:00,49.777671,0.659632,11.2,33.4,34.1,70,ZEEBRUGGE,11.7,125
200012872,2024-01-02T03:42:25.462109+00:00,49.914696,0.749825,16.5,46.9,43.3,70,ZEEBRUGGE,11.7,125
200012872,2024-01-02T04:32:37.011115+00:00,50.014304,0.856113,15.8,100.0,103.6,70,ZEEBRUGGE,11.7,125
200012872,2024-01-02T05:22:48.560121+00:00,49.989716,0.994967,12.9,20.5,19.3,70,ZEEBRUGGE,11.7,125
200012872,2024-01-02T06:13:00.109127+00:00,50.063747,1.022623,16.1,162.4,158.1,70,ZEEBRUGGE,11.7,125
200012872,2024-01-02T07:03:11.658134+00:00,49.991606,1.04545,15.5,58.0,55.3,70,ZEEBRUGGE,11.7,125
200012872,2024-01-02T07:53:23.207140+00:00,50.098557,1.216383,18.3,48.3,50.3,70,ZEEBRUGGE,11.7,125
200012872,2024-01-02T08:43:34.756146+00:00,50.1274,1.248723,19.5,87.9,82.9,70,ZEEBRUGGE,11.7,125
200012872,2024-01-02T09:33:46.305152+00:00,50.134977,1.451153,17.5,355.9,357.3,70,ZEEBRUGGE,11.7,125
200012872,2024-01-02T10:23:57.854158+00:00,50.284227,1.440485,15.4,201.9,206.2,70,ZEEBRUGGE,11.7,125
200012872,2024-01-02T11:14:09.403164+00:00,50.214886,1.412573,15.7,66.1,65.5,70,ZEEBRUGGE,11.7,125
200012872,2024-01-02T12:04:20.952170+00:00,50.309566,1.625976,13.9,61.7,63.1,70,ZEEBRUGGE,11.7,125
200012872,2024-01-02T12:54:32.501177+00:00,50.397465,1.789122,14.2,62.6,60.0,70,ZEEBRUGGE,11.7,125
200012872,2024-01-02T13:44:44.050183+00:00,50.431409,1.854472,15.3,41.3,37.2,70,ZEEBRUGGE,11.7,125
200012872,2024-01-02T14:34:55.599189+00:00,50.541442,1.951007,15.1,306.9,309.7,70,ZEEBRUGGE,11.7,125
200012872,2024-01-02T15:25:07.148195+00:00,50.585549,1.892255,12.8,66.6,66.6,70,ZEEBRUGGE,11.7,125
200012872,2024-01-02T16:15:18.697201+00:00,50.663609,2.072635,18.3,2.9,359.4,70,ZEEBRUGGE,11.7,125
200012872,2024-01-02T17:05:30.246207+00:00,50.705187,2.074711,18.6,62.6,60.3,70,ZEEBRUGGE,11.7,125
200012872,2024-01-02T17:55:41.795213+00:00,50.773257,2.205809,18.2,133.6,133.0,70,ZEEBRUGGE,11.7,125
200012872,2024-01-02T18:45:53.344220+00:00,50.764769,2.214731,18.7,61.0,64.8,70,ZEEBRUGGE,11.7,125
200012872,2024-01-02T19:36:04.893226+00:00,50.828687,2.329939,20.2,54.3,53.8,70,ZEEBRUGGE,11.7,125
200012872,2024-01-02T20:26:16.442232+00:00,50.887738,2.412134,13.9,79.5,76.3,70,ZEEBRUGGE,11.7,125
200012872,2024-01-02T21:16:27.991238+00:00,50.917894,2.574657,20.1,74.6,74.1,70,ZEEBRUGGE,11.7,125
200012872,2024-01-02T22:06:39.540244+00:00,50.9396,2.653549,14.8,48.0,52.6,70,ZEEBRUGGE,11.7,125
200012872,2024-01-02T22:56:51.089250+00:00,50.991486,2.711138,16.8,5.7,7.9,70,ZEEBRUGGE,11.7,125
200012872,2024-01-02T23:47:02.638256+00:00,51.015879,2.71356,12.4,50.8,54.9,70,ZEEBRUGGE,11.7,125
200012872,2024-01-03T00:37:14.187262+00:00,51.126486,2.849283,14.5,69.8,70.9,70,ZEEBRUGGE,11.7,125
200012872,2024-01-03T01:27:25.736269+00:00,51.149353,2.911343,17.6,83.0,80.7,70,ZEEBRUGGE,11.7,125
200012872,2024-01-03T02:17:37.285275+00:00,51.169544,3.075916,16.9,63.9,60.0,70,ZEEBRUGGE,11.7,125
200012872,2024-01-03T03:07:48.834281+00:00,51.218239,3.175125,14.8,74.7,77.5,70,ZEEBRUGGE,11.7,125
200012872,2024-01-03T03:58:00.383287+00:00,51.23948,3.252819,15.7,0.0,358.2,70,ZEEBRUGGE,11.7,125
200013929,2024-01-01T22:22:18.239875+00:00,51.868452,4.477915,16.7,14.5,13.1,72,ZEEBRUGGE,10.8,395
200013929,2024-01-01T23:35:17.023738+00:00,51.937475,4.442941,15.0,221.2,221.3,72,ZEEBRUGGE,10.8,395
200013929,2024-01-02T00:48:15.807602+00:00,51.888163,4.399741,16.6,186.5,184.1,72,ZEEBRUGGE,10.8,395
200013929,2024-01-02T02:01:14.591465+00:00,51.75161,4.384211,12.5,58.3,55.0,72,ZEEBRUGGE,10.8,395
200013929,2024-01-02T03:14:13.375328+00:00,51.777192,4.425589,15.6,325.8,321.6,72,ZEEBRUGGE,10.8,395
200013929,2024-01-02T04:27:12.159191+00:00,51.898139,4.343295,18.3,131.2,134.9,72,ZEEBRUGGE,10.8,395
200013929,2024-01-02T05:40:10.943055+00:00,51.827789,4.42359,15.7,243.6,241.5,72,ZEEBRUGGE,10.8,395
200013929,2024-01-02T06:53:09.726918+00:00,51.754198,4.275192,13.8,284.1,279.4,72,ZEEBRUGGE,10.8,395
200013929,2024-01-02T08:06:08.510781+00:00,51.768403,4.21883,13.5,251.6,253.6,72,ZEEBRUGGE,10.8,395
200013929,2024-01-02T09:19:07.294645+00:00,51.7622,4.200207,15.8,315.0,313.9,72,ZEEBRUGGE,10.8,395
200013929,2024-01-02T10:32:06.078508+00:00,51.782941,4.179491,16.5,191.5,187.4,72,ZEEBRUGGE,10.8,395
200013929,2024-01-02T11:45:04.862371+00:00,51.662856,4.155096,15.6,77.9,82.2,72,ZEEBRUGGE,10.8,395
200013929,2024-01-02T12:58:03.646235+00:00,51.673337,4.203836,15.0,282.7,286.9,72,ZEEBRUGGE,10.8,395
200013929,2024-01-02T14:11:02.430098+00:00,51.713648,4.024401,13.7,123.3,124.7,72,ZEEBRUGGE,10.8,395
200013929,2024-01-02T15:24:01.213961+00:00,51.679624,4.076286,16.4,285.4,284.6,72,ZEEBRUGGE,10.8,395
200013929,2024-01-02T16:36:59.997824+00:00,51.697824,4.010388,15.2,229.2,224.9,72,ZEEBRUGGE,10.8,395
200013929,2024-01-02T17:49:58.781688+00:00,51.592371,3.888112,14.1,52.6,48.6,72,ZEEBRUGGE,10.8,395
200013929,2024-01-02T19:02:57.565551+00:00,51.656318,3.971868,17.6,338.3,340.3,72,ZEEBRUGGE,10.8,395
200013929,2024-01-02T20:15:56.349414+00:00,51.677656,3.963381,16.2,251.9,252.8,72,ZEEBRUGGE,10.8,395
200013929,2024-01-02T21:28:55.133278+00:00,51.632033,3.823808,14.7,164.5,167.0,72,ZEEBRUGGE,10.8,395
200013929,2024-01-02T22:41:53.917141+00:00,51.599263,3.832887,13.5,257.2,252.3,72,ZEEBRUGGE,10.8,395
200013929,2024-01-02T23:54:52.701004+00:00,51.572129,3.713732,15.6,190.8,189.1,72,ZEEBRUGGE,10.8,395
200013929,2024-01-03T01:07:51.484867+00:00,51.519796,3.703726,15.9,74.5,77.6,72,ZEEBRUGGE,10.8,395
200013929,2024-01-03T02:20:50.268731+00:00,51.542554,3.785735,14.9,295.1,297.1,72,ZEEBRUGGE,10.8,395
200013929,2024-01-03T03:33:49.052594+00:00,51.593755,3.676679,15.6,217.8,220.9,72,ZEEBRUGGE,10.8,395
200013929,2024-01-03T04:46:47.836457+00:00,51.509433,3.611227,13.3,148.1,145.0,72,ZEEBRUGGE,10.8,395
200013929,2024-01-03T05:59:46.620321+00:00,51.45551,3.644806,14.8,273.6,273.5,72,ZEEBRUGGE,10.8,395
200013929,2024-01-03T07:12:45.404184+00:00,51.460003,3.573879,13.6,302.1,298.2,72,ZEEBRUGGE,10.8,395
200013929,2024-01-03T08:25:44.188047+00:00,51.479273,3.543126,14.6,148.4,144.4,72,ZEEBRUGGE,10.8,395
200013929,2024-01-03T09:38:42.971910+00:00,51.43517,3.5703,13.7,282.1,278.4,72,ZEEBRUGGE,10.8,395
200013929,2024-01-03T10:51:41.755774+00:00,51.462727,3.441913,16.2,236.6,234.5,72,ZEEBRUGGE,10.8,395
200013929,2024-01-03T12:04:40.539637+00:00,51.449219,3.421398,16.5,81.5,79.8,72,ZEEBRUGGE,10.8,395
200013929,2024-01-03T13:17:39.323500+00:00,51.452141,3.441037,15.8,33.2,33.9,72,ZEEBRUGGE,10.8,395
200013929,2024-01-03T14:30:38.107364+00:00,51.463486,3.44847,13.9,208.4,206.4,72,ZEEBRUGGE,10.8,395
200013929,2024-01-03T15:43:36.891227+00:00,51.426716,3.428575,12.7,229.0,229.5,72,ZEEBRUGGE,10.8,395
200013929,2024-01-03T16:56:35.675090+00:00,51.314827,3.30008,16.5,106.5,109.5,72,ZEEBRUGGE,10.8,395
200013929,2024-01-03T18:09:34.458954+00:00,51.300977,3.346869,15.2,282.3,282.0,72,ZEEBRUGGE,10.8,395
200013929,2024-01-03T19:22:33.242817+00:00,51.326981,3.22746,11.6,109.4,109.9,72,ZEEBRUGGE,10.8,395
200013929,2024-01-03T20:35:32.026680+00:00,51.292826,3.324644,15.5,254.7,254.5,72,ZEEBRUGGE,10.8,395
200013929,2024-01-03T21:48:30.810543+00:00,51.243084,3.143311,15.9,0.0,3.0,72,ZEEBRUGGE,10.8,395
200014088,2024-01-02T01:13:25.245049+00:00,51.164397,4.460413,9.0,132.0,132.3,80,AMSTERDAM,6.4,107
200014088,2024-01-02T01:40:32.393948+00:00,51.26354,4.526411,11.0,311.5,309.5,80,AMSTERDAM,6.4,107
200014088,2024-01-02T02:07:39.542846+00:00,51.305093,4.479503,11.4,152.0,150.4,80,AMSTERDAM,6.4,107
200014088,2024-01-02T02:34:46.691745+00:00,51.237485,4.515467,9.8,316.2,312.8,80,AMSTERDAM,6.4,107
200014088,2024-01-02T03:01:53.840644+00:00,51.292122,4.463092,5.3,303.6,303.6,80,AMSTERDAM,6.4,107
200014088,2024-01-02T03:29:00.989542+00:00,51.340309,4.390454,10.1,5.9,8.9,80,AMSTERDAM,6.4,107
200014088,2024-01-02T03:56:08.138441+00:00,51.393899,4.396029,12.9,97.1,99.9,80,AMSTERDAM,6.4,107
200014088,2024-01-02T04:23:15.287339+00:00,51.378956,4.515695,10.4,319.4,314.8,80,AMSTERDAM,6.4,107
200014088,2024-01-02T04:50:22.436238+00:00,51.41125,4.488048,6.9,358.8,354.1,80,AMSTERDAM,6.4,107
200014088,2024-01-02T05:17:29.585137+00:00,51.476555,4.486624,12.7,35.4,35.3,80,AMSTERDAM,6.4,107
200014088,2024-01-02T05:44:36.734035+00:00,51.557254,4.543921,9.2,120.0,120.6,80,AMSTERDAM,6.4,107
200014088,2024-01-02T06:11:43.882934+00:00,51.529206,4.592544,14.2,314.9,316.7,80,AMSTERDAM,6.4,107
200014088,2024-01-02T06:38:51.031833+00:00,51.617739,4.503833,9.6,34.6,32.8,80,AMSTERDAM,6.4,107
200014088,2024-01-02T07:05:58.180731+00:00,51.711751,4.568733,9.3,126.3,127.1,80,AMSTERDAM,6.4,107
200014088,2024-01-02T07:33:05.329630+00:00,51.629029,4.681376,8.0,308.2,306.3,80,AMSTERDAM,6.4,107
200014088,2024-01-02T08:00:12.478528+00:00,51.719089,4.566824,9.9,49.1,51.1,80,AMSTERDAM,6.4,107
200014088,2024-01-02T08:27:19.627427+00:00,51.815944,4.678782,10.3,235.2,231.5,80,AMSTERDAM,6.4,107
200014088,2024-01-02T08:54:26.776326+00:00,51.779087,4.625763,9.8,67.4,71.4,80,AMSTERDAM,6.4,107
200014088,2024-01-02T09:21:33.925224+00:00,51.806611,4.691996,9.6,19.1,22.6,80,AMSTERDAM,6.4,107
200014088,2024-01-02T09:48:41.074123+00:00,51.928763,4.734278,11.6,184.6,184.7,80,AMSTERDAM,6.4,107
200014088,2024-01-02T10:15:48.223022+00:00,51.890572,4.731182,9.9,12.3,7.4,80,AMSTERDAM,6.4,107
200014088,2024-01-02T10:42:55.371920+00:00,51.996401,4.754282,11.9,271.0,270.5,80,AMSTERDAM,6.4,107
200014088,2024-01-02T11:10:02.520819+00:00,51.997919,4.66595,12.6,91.5,89.3,80,AMSTERDAM,6.4,107
200014088,2024-01-02T11:37:09.669717+00:00,51.994622,4.793918,16.9,312.4,316.7,80,AMSTERDAM,6.4,107
200014088,2024-01-02T12:04:16.818616+00:00,52.071043,4.710307,11.7,68.8,65.8,80,AMSTERDAM,6.4,107
200014088,2024-01-02T12:31:23.967515+00:00,52.098375,4.780624,8.7,11.8,12.3,80,AMSTERDAM,6.4,107
200014088,2024-01-02T12:58:31.116413+00:00,52.168691,4.795265,9.7,148.9,148.3,80,AMSTERDAM,6.4,107
200014088,2024-01-02T13:25:38.265312+00:00,52.125524,4.821315,10.4,6.4,2.8,80,AMSTERDAM,6.4,107
200014088,2024-01-02T13:52:45.414211+00:00,52.190296,4.828613,12.9,304.2,309.0,80,AMSTERDAM,6.4,107
200014088,2024-01-02T14:19:52.563109+00:00,52.220454,4.78428,10.4,351.8,354.2,80,AMSTERDAM,6.4,107
200014088,2024-01-02T14:46:59.712008+00:00,52.294031,4.773683,13.0,112.1,107.9,80,AMSTERDAM,6.4,107
200014088,2024-01-02T15:14:06.860906+00:00,52.242859,4.8995,7.5,351.9,353.8,80,AMSTERDAM,6.4,107
200014088,2024-01-02T15:41:14.009805+00:00,52.380261,4.87988,11.1,83.0,78.7,80,AMSTERDAM,6.4,107
200014088,2024-01-02T16:08:21.158704+00:00,52.388022,4.942763,12.6,219.9,220.1,80,AMSTERDAM,6.4,107
200014088,2024-01-02T16:35:28.307602+00:00,52.334154,4.897763,11.9,0.0,3.8,80,AMSTERDAM,6.4,107
200015815,2024-01-02T05:01:41.480197+00:00,52.386937,4.875283,14.4,179.4,180.6,71,ANTWERP,12.0,187
200015815,2024-01-02T05:27:06.750242+00:00,52.383558,4.912703,12.7,145.0,147.1,71,ANTWERP,12.0,187
200015815,2024-01-02T05:52:32.020287+00:00,52.363483,4.926754,13.2,217.4,221.5,71,ANTWERP,12.0,187
200015815,2024-01-02T06:17:57.290331+00:00,52.253547,4.842609,15.0,54.9,59.6,71,ANTWERP,12.0,187
200015815,2024-01-02T06:43:22.560376+00:00,52.310561,4.923607,15.8,272.2,275.8,71,ANTWERP,12.0,187
200015815,2024-01-02T07:08:47.830421+00:00,52.315854,4.787984,15.4,169.8,173.2,71,ANTWERP,12.0,187
200015815,2024-01-02T07:34:13.100466+00:00,52.281584,4.79414,13.7,99.8,102.4,71,ANTWERP,12.0,187
200015815,2024-01-02T07:59:38.370510+00:00,52.26592,4.884758,12.7,64.6,62.7,71,ANTWERP,12.0,187
200015815,2024-01-02T08:25:03.640555+00:00,52.285269,4.925585,11.3,214.6,212.9,71,ANTWERP,12.0,187
200015815,2024-01-02T08:50:28.910600+00:00,52.18953,4.859454,13.7,217.1,220.3,71,ANTWERP,12.0,187
200015815,2024-01-02T09:15:54.180645+00:00,52.144685,4.825519,13.1,292.1,294.5,71,ANTWERP,12.0,187
200015815,2024-01-02T09:41:19.450689+00:00,52.191287,4.710531,15.4,2.1,4.7,71,ANTWERP,12.0,187
200015815,2024-01-02T10:06:44.720734+00:00,52.22951,4.711921,14.4,74.0,73.0,71,ANTWERP,12.0,187
200015815,2024-01-02T10:32:09.990779+00:00,52.258291,4.812268,15.8,206.8,210.9,71,ANTWERP,12.0,187
200015815,2024-01-02T10:57:35.260824+00:00,52.195628,4.780648,10.8,199.0,197.9,71,ANTWERP,12.0,187
200015815,2024-01-02T11:23:00.530868+00:00,52.065717,4.736013,16.5,49.1,51.9,71,ANTWERP,12.0,187
200015815,2024-01-02T11:48:25.800913+00:00,52.110121,4.787335,14.1,326.0,329.0,71,ANTWERP,12.0,187
200015815,2024-01-02T12:13:51.070958+00:00,52.11718,4.782568,11.1,122.0,125.0,71,ANTWERP,12.0,187
200015815,2024-01-02T12:39:16.341003+00:00,52.095836,4.816786,10.4,270.8,266.3,71,ANTWERP,12.0,187
200015815,2024-01-02T13:04:41.611047+00:00,52.09653,4.769149,15.3,152.3,156.0,71,ANTWERP,12.0,187
200015815,2024-01-02T13:30:06.881092+00:00,52.006321,4.816492,12.9,294.9,299.4,71,ANTWERP,12.0,187
200015815,2024-01-02T13:55:32.151137+00:00,52.03803,4.748226,12.6,271.6,269.5,71,ANTWERP,12.0,187
200015815,2024-01-02T14:20:57.421182+00:00,52.038407,4.734813,13.1,86.8,86.8,71,ANTWERP,12.0,187
200015815,2024-01-02T14:46:22.691227+00:00,52.041284,4.786549,14.5,227.9,232.2,71,ANTWERP,12.0,187
200015815,2024-01-02T15:11:47.961271+00:00,51.942323,4.677165,13.3,88.2,84.7,71,ANTWERP,12.0,187
200015815,2024-01-02T15:37:13.231316+00:00,51.94796,4.859563,10.0,223.7,220.7,71,ANTWERP,12.0,187
200015815,2024-01-02T16:02:38.501361+00:00,51.812635,4.730357,16.3,355.4,357.0,71,ANTWERP,12.0,187
200015815,2024-01-02T16:28:03.771406+00:00,51.899362,4.723389,10.5,180.2,181.3,71,ANTWERP,12.0,187
200015815,2024-01-02T16:53:29.041450+00:00,51.886823,4.723356,13.0,124.9,126.0,71,ANTWERP,12.0,187
200015815,2024-01-02T17:18:54.311495+00:00,51.844673,4.783712,12.8,304.3,302.9,71,ANTWERP,12.0,187
200015815,2024-01-02T17:44:19.581540+00:00,51.886541,4.722234,13.9,257.4,255.6,71,ANTWERP,12.0,187
200015815,2024-01-02T18:09:44.851585+00:00,51.858072,4.59511,10.5,131.7,132.9,71,ANTWERP,12.0,187
200015815,2024-01-02T18:35:10.121629+00:00,51.730518,4.738289,12.5,318.4,317.9,71,ANTWERP,12.0,187
200015815,2024-01-02T19:00:35.391674+00:00,51.836862,4.643825,11.6,168.5,170.2,71,ANTWERP,12.0,187
200015815,2024-01-02T19:26:00.661719+00:00,51.762279,4.658981,13.9,304.8,308.7,71,ANTWERP,12.0,187
200015815,2024-01-02T19:51:25.931764+00:00,51.815589,4.582414,14.0,141.9,143.3,71,ANTWERP,12.0,187
200015815,2024-01-02T20:16:51.201808+00:00,51.70982,4.665441,11.9,306.1,302.2,71,ANTWERP,12.0,187
200015815,2024-01-02T20:42:16.471853+00:00,51.758022,4.599315,15.3,137.5,138.4,71,ANTWERP,12.0,187
200015815,2024-01-02T21:07:41.741898+00:00,51.724972,4.629646,14.3,294.3,295.1,71,ANTWERP,12.0,187
200015815,2024-01-02T21:33:07.011943+00:00,51.736894,4.603186,10.8,104.3,107.5,71,ANTWERP,12.0,187
200015815,2024-01-02T21:58:32.281987+00:00,51.710583,4.706396,9.8,186.9,189.9,71,ANTWERP,12.0,187
200015815,2024-01-02T22:23:57.552032+00:00,51.674198,4.702012,12.7,231.9,229.7,71,ANTWERP,12.0,187
200015815,2024-01-02T22:49:22.822077+00:00,51.592752,4.597978,14.0,203.8,207.0,71,ANTWERP,12.0,187
200015815,2024-01-02T23:14:48.092122+00:00,51.578314,4.591605,11.5,313.1,308.6,71,ANTWERP,12.0,187
200015815,2024-01-02T23:40:13.362166+00:00,51.605588,4.562487,13.4,80.3,78.8,71,ANTWERP,12.0,187
200015815,2024-01-03T00:05:38.632211+00:00,51.616977,4.629213,12.9,239.0,236.5,71,ANTWERP,12.0,187
200015815,2024-01-03T00:31:03.902256+00:00,51.569588,4.550221,16.5,345.0,343.0,71,ANTWERP,12.0,187
200015815,2024-01-03T00:56:29.172301+00:00,51.613869,4.538353,10.8,134.9,133.0,71,ANTWERP,12.0,187
200015815,2024-01-03T01:21:54.442346+00:00,51.551256,4.601104,14.9,238.1,236.3,71,ANTWERP,12.0,187
200015815,2024-01-03T01:47:19.712390+00:00,51.499575,4.518013,14.8,46.4,42.9,71,ANTWERP,12.0,187
200015815,2024-01-03T02:12:44.982435+00:00,51.51653,4.535793,13.0,275.3,270.9,71,ANTWERP,12.0,187
200015815,2024-01-03T02:38:10.252480+00:00,51.524336,4.451369,9.4,96.6,100.7,71,ANTWERP,12.0,187
200015815,2024-01-03T03:03:35.522525+00:00,51.511896,4.558398,13.6,42.2,44.0,71,ANTWERP,12.0,187
200015815,2024-01-03T03:29:00.792569+00:00,51.57218,4.612985,10.5,205.2,204.4,71,ANTWERP,12.0,187
200015815,2024-01-03T03:54:26.062614+00:00,51.427424,4.544757,17.3,67.4,63.7,71,ANTWERP,12.0,187
200015815,2024-01-03T04:19:51.332659+00:00,51.439804,4.574539,13.1,273.5,274.3,71,ANTWERP,12.0,187
200015815,2024-01-03T04:45:16.602704+00:00,51.447393,4.451898,17.3,130.4,131.5,71,ANTWERP,12.0,187
200015815,2024-01-03T05:10:41.872748+00:00,51.407525,4.498773,13.6,238.1,236.5,71,ANTWERP,12.0,187
200015815,2024-01-03T05:36:07.142793+00:00,51.366273,4.432552,12.1,157.8,161.6,71,ANTWERP,12.0,187
200015815,2024-01-03T06:01:32.412838+00:00,51.29645,4.461075,15.9,51.1,51.8,71,ANTWERP,12.0,187
200015815,2024-01-03T06:26:57.682883+00:00,51.33098,4.503828,14.1,221.8,217.4,71,ANTWERP,12.0,187
200015815,2024-01-03T06:52:22.952927+00:00,51.285445,4.463062,18.2,238.9,235.6,71,ANTWERP,12.0,187
200015815,2024-01-03T07:17:48.222972+00:00,51.235409,4.380093,12.0,355.4,355.2,71,ANTWERP,12.0,187
200015815,2024-01-03T07:43:13.493017+00:00,51.264564,4.377727,16.0,199.4,195.3,71,ANTWERP,12.0,187
200015815,2024-01-03T08:08:38.763062+00:00,51.234602,4.367174,18.0,53.4,57.9,71,ANTWERP,12.0,187
200015815,2024-01-03T08:34:04.033106+00:00,51.298755,4.453558,16.1,103.0,101.9,71,ANTWERP,12.0,187
200015815,2024-01-03T08:59:29.303151+00:00,51.282229,4.524934,14.8,204.6,205.6,71,ANTWERP,12.0,187
200015815,2024-01-03T09:24:54.573196+00:00,51.189589,4.482616,16.1,275.0,275.4,71,ANTWERP,12.0,187
200015815,2024-01-03T09:50:19.843241+00:00,51.20438,4.312447,13.1,121.5,120.8,71,ANTWERP,12.0,187
200015815,2024-01-03T10:15:45.113286+00:00,51.107088,4.471054,11.7,0.0,355.5,71,ANTWERP,12.0,187
200016483,2024-01-02T06:43:56.348517+00:00,49.407364,0.026135,16.2,238.3,242.7,89,HAMBURG,7.4,253
200016483,2024-01-02T07:16:49.748036+00:00,49.676421,0.497821,13.8,57.6,59.4,89,HAMBURG,7.4,253
200016483,2024-01-02T07:49:43.147555+00:00,49.826246,0.733681,13.5,84.7,87.6,89,HAMBURG,7.4,253
200016483,2024-01-02T08:22:36.547075+00:00,49.864933,1.14837,21.2,54.5,56.6,89,HAMBURG,7.4,253
200016483,2024-01-02T08:55:29.946594+00:00,50.050743,1.409249,17.3,75.5,78.0,89,HAMBURG,7.4,253
200016483,2024-01-02T09:28:23.346113+00:00,50.15339,1.80481,12.0,58.7,54.5,89,HAMBURG,7.4,253
200016483,2024-01-02T10:01:16.745632+00:00,50.316414,2.072835,18.5,76.5,80.8,89,HAMBURG,7.4,253
200016483,2024-01-02T10:34:10.145151+00:00,50.401954,2.429328,14.5,69.4,69.6,89,HAMBURG,7.4,253
200016483,2024-01-02T11:07:03.544670+00:00,50.522495,2.749288,13.8,54.4,59.0,89,HAMBURG,7.4,253
200016483,2024-01-02T11:39:56.944190+00:00,50.752604,3.071165,15.8,76.1,74.6,89,HAMBURG,7.4,253
200016483,2024-01-02T12:12:50.343709+00:00,50.83014,3.384063,14.4,51.4,48.6,89,HAMBURG,7.4,253
200016483,2024-01-02T12:45:43.743228+00:00,51.067772,3.681691,16.9,85.5,80.7,89,HAMBURG,7.4,253
200016483,2024-01-02T13:18:37.142747+00:00,51.102315,4.115772,15.5,65.5,66.1,89,HAMBURG,7.4,253
200016483,2024-01-02T13:51:30.542266+00:00,51.187029,4.30132,15.6,57.1,58.6,89,HAMBURG,7.4,253
200016483,2024-01-02T14:24:23.941785+00:00,51.428014,4.673549,16.8,72.4,71.6,89,HAMBURG,7.4,253
200016483,2024-01-02T14:57:17.341305+00:00,51.53154,5.000744,15.6,68.2,63.4,89,HAMBURG,7.4,253
200016483,2024-01-02T15:30:10.740824+00:00,51.669677,5.346789,14.3,61.2,59.4,89,HAMBURG,7.4,253
200016483,2024-01-02T16:03:04.140343+00:00,51.826197,5.63186,17.4,83.5,78.7,89,HAMBURG,7.4,253
200016483,2024-01-02T16:35:57.539862+00:00,51.86736,5.995737,16.8,62.2,63.8,89,HAMBURG,7.4,253
200016483,2024-01-02T17:08:50.939381+00:00,52.026971,6.298225,16.0,62.9,67.2,89,HAMBURG,7.4,253
200016483,2024-01-02T17:41:44.338900+00:00,52.158094,6.554236,17.8,79.2,79.9,89,HAMBURG,7.4,253
200016483,2024-01-02T18:14:37.738420+00:00,52.235463,6.960478,15.7,55.7,56.4,89,HAMBURG,7.4,253
200016483,2024-01-02T18:47:31.137939+00:00,52.420154,7.231638,16.4,54.1,53.4,89,HAMBURG,7.4,253
200016483,2024-01-02T19:20:24.537458+00:00,52.633486,7.526614,16.5,79.4,78.7,89,HAMBURG,7.4,253
200016483,2024-01-02T19:53:17.936977+00:00,52.711867,7.946844,14.4,81.1,82.9,89,HAMBURG,7.4,253
200016483,2024-01-02T20:26:11.336496+00:00,52.76603,8.291061,21.6,69.5,72.2,89,HAMBURG,7.4,253
200016483,2024-01-02T20:59:04.736015+00:00,52.888875,8.619668,16.0,48.2,48.5,89,HAMBURG,7.4,253
200016483,2024-01-02T21:31:58.135535+00:00,53.183239,8.948359,14.9,77.3,79.5,89,HAMBURG,7.4,253
200016483,2024-01-02T22:04:51.535054+00:00,53.228817,9.150037,14.6,73.5,71.2,89,HAMBURG,7.4,253
200016483,2024-01-02T22:37:44.934573+00:00,53.334296,9.505282,12.7,72.9,77.2,89,HAMBURG,7.4,253
200016483,2024-01-02T23:10:38.334092+00:00,53.4863,9.998676,12.5,0.0,359.8,89,HAMBURG,7.4,253
200017423,2024-01-02T07:26:12.369699+00:00,51.881666,1.258412,8.7,98.6,94.5,72,ZEEBRUGGE,10.9,138
200017423,2024-01-02T07:36:39.495980+00:00,51.806662,1.339621,12.0,9.0,8.3,72,ZEEBRUGGE,10.9,138
200017423,2024-01-02T07:47:06.622261+00:00,51.925,1.35839,11.8,148.1,152.7,72,ZEEBRUGGE,10.9,138
200017423,2024-01-02T07:57:33.748542+00:00,51.833654,1.415169,11.7,15.2,15.5,72,ZEEBRUGGE,10.9,138
200017423,2024-01-02T08:08:00.874824+00:00,51.924967,1.440044,14.0,178.0,173.8,72,ZEEBRUGGE,10.9,138
200017423,2024-01-02T08:18:28.001105+00:00,51.835899,1.44309,13.6,143.2,138.7,72,ZEEBRUGGE,10.9,138
200017423,2024-01-02T08:28:55.127386+00:00,51.808409,1.463657,11.3,74.5,74.4,72,ZEEBRUGGE,10.9,138
200017423,2024-01-02T08:39:22.253667+00:00,51.821102,1.509392,10.3,70.1,65.9,72,ZEEBRUGGE,10.9,138
200017423,2024-01-02T08:49:49.379948+00:00,51.857889,1.61077,9.7,226.5,227.3,72,ZEEBRUGGE,10.9,138
200017423,2024-01-02T09:00:16.506229+00:00,51.798629,1.5484,8.3,109.8,108.5,72,ZEEBRUGGE,10.9,138
200017423,2024-01-02T09:10:43.632511+00:00,51.775164,1.613526,9.0,83.6,80.8,72,ZEEBRUGGE,10.9,138
200017423,2024-01-02T09:21:10.758792+00:00,51.780058,1.6575,8.0,122.3,127.2,72,ZEEBRUGGE,10.9,138
200017423,2024-01-02T09:31:37.885073+00:00,51.716407,1.758018,14.7,320.1,324.9,72,ZEEBRUGGE,10.9,138
200017423,2024-01-02T09:42:05.011354+00:00,51.789852,1.696651,11.8,141.6,137.4,72,ZEEBRUGGE,10.9,138
200017423,2024-01-02T09:52:32.137635+00:00,51.670664,1.791274,12.5,38.4,35.8,72,ZEEBRUGGE,10.9,138
200017423,2024-01-02T10:02:59.263916+00:00,51.727794,1.836599,10.7,326.6,322.5,72,ZEEBRUGGE,10.9,138
200017423,2024-01-02T10:13:26.390197+00:00,51.777969,1.803479,16.0,143.5,141.9,72,ZEEBRUGGE,10.9,138
200017423,2024-01-02T10:23:53.516479+00:00,51.745152,1.827797,9.1,80.4,82.5,72,ZEEBRUGGE,10.9,138
200017423,2024-01-02T10:34:20.642760+00:00,51.749516,1.853547,8.2,140.4,144.0,72,ZEEBRUGGE,10.9,138
200017423,2024-01-02T10:44:47.769041+00:00,51.706748,1.888876,16.0,59.3,59.7,72,ZEEBRUGGE,10.9,138
200017423,2024-01-02T10:55:14.895322+00:00,51.758487,1.976045,8.5,178.7,178.7,72,ZEEBRUGGE,10.9,138
200017423,2024-01-02T11:05:42.021603+00:00,51.736235,1.97655,10.7,136.8,133.4,72,ZEEBRUGGE,10.9,138
200017423,2024-01-02T11:16:09.147884+00:00,51.702307,2.008431,9.9,291.2,288.8,72,ZEEBRUGGE,10.9,138
200017423,2024-01-02T11:26:36.274165+00:00,51.716377,1.972072,11.9,115.5,119.8,72,ZEEBRUGGE,10.9,138
200017423,2024-01-02T11:37:03.400447+00:00,51.697521,2.011625,10.5,110.4,111.0,72,ZEEBRUGGE,10.9,138
200017423,2024-01-02T11:47:30.526728+00:00,51.628027,2.198839,12.5,236.8,234.3,72,ZEEBRUGGE,10.9,138
200017423,2024-01-02T11:57:57.653009+00:00,51.572805,2.114442,12.9,1.3,357.2,72,ZEEBRUGGE,10.9,138
200017423,2024-01-02T12:08:24.779290+00:00,51.651018,2.116261,8.3,91.5,88.7,72,ZEEBRUGGE,10.9,138
200017423,2024-01-02T12:18:51.905571+00:00,51.647304,2.258222,9.6,303.7,301.9,72,ZEEBRUGGE,10.9,138
200017423,2024-01-02T12:29:19.031852+00:00,51.664524,2.232424,12.7,157.3,160.3,72,ZEEBRUGGE,10.9,138
200017423,2024-01-02T12:39:46.158134+00:00,51.553184,2.278908,13.4,206.0,207.5,72,ZEEBRUGGE,10.9,138
200017423,2024-01-02T12:50:13.284415+00:00,51.544678,2.274764,11.6,21.2,21.0,72,ZEEBRUGGE,10.9,138
200017423,2024-01-02T13:00:40.410696+00:00,51.602995,2.2974,12.1,133.1,133.2,72,ZEEBRUGGE,10.9,138
200017423,2024-01-02T13:11:07.536977+00:00,51.566442,2.336521,14.1,196.1,197.5,72,ZEEBRUGGE,10.9,138
200017423,2024-01-02T13:21:34.663258+00:00,51.465712,2.30753,10.5,43.1,39.3,72,ZEEBRUGGE,10.9,138
200017423,2024-01-02T13:32:01.789539+00:00,51.568755,2.403937,11.6,157.3,155.4,72,ZEEBRUGGE,10.9,138
200017423,2024-01-02T13:42:28.915820+00:00,51.447379,2.454802,13.6,72.1,70.9,72,ZEEBRUGGE,10.9,138
200017423,2024-01-02T13:52:56.042102+00:00,51.482737,2.56419,13.8,331.7,331.1,72,ZEEBRUGGE,10.9,138
200017423,2024-01-02T14:03:23.168383+00:00,51.587584,2.507633,11.0,278.7,275.0,72,ZEEBRUGGE,10.9,138
200017423,2024-01-02T14:13:50.294664+00:00,51.601244,2.418291,9.7,138.4,138.2,72,ZEEBRUGGE,10.9,138
200017423,2024-01-02T14:24:17.420945+00:00,51.439217,2.561967,11.0,78.8,76.2,72,ZEEBRUGGE,10.9,138
200017423,2024-01-02T14:34:44.547226+00:00,51.47353,2.735309,11.2,277.9,280.1,72,ZEEBRUGGE,10.9,138
200017423,2024-01-02T14:45:11.673507+00:00,51.482131,2.673318,9.6,325.8,327.5,72,ZEEBRUGGE,10.9,138
200017423,2024-01-02T14:55:38.799788+00:00,51.559061,2.621122,9.9,140.6,140.0,72,ZEEBRUGGE,10.9,138
200017423,2024-01-02T15:06:05.926070+00:00,51.435357,2.722889,13.8,255.3,258.8,72,ZEEBRUGGE,10.9,138
200017423,2024-01-02T15:16:33.052351+00:00,51.426156,2.687899,12.2,0.7,5.2,72,ZEEBRUGGE,10.9,138
200017423,2024-01-02T15:27:00.178632+00:00,51.517436,2.688976,10.7,142.3,145.3,72,ZEEBRUGGE,10.9,138
200017423,2024-01-02T15:37:27.304913+00:00,51.411261,2.770915,9.2,50.1,52.1,72,ZEEBRUGGE,10.9,138
200017423,2024-01-02T15:47:54.431194+00:00,51.45611,2.824576,9.9,209.0,209.9,72,ZEEBRUGGE,10.9,138
200017423,2024-01-02T15:58:21.557475+00:00,51.336143,2.758059,8.0,50.8,53.7,72,ZEEBRUGGE,10.9,138
200017423,2024-01-02T16:08:48.683757+00:00,51.391438,2.825875,11.6,133.3,135.2,72,ZEEBRUGGE,10.9,138
200017423,2024-01-02T16:19:15.810038+00:00,51.30702,2.915517,9.8,28.0,24.8,72,ZEEBRUGGE,10.9,138
200017423,2024-01-02T16:29:42.936319+00:00,51.327228,2.926258,11.8,40.3,41.8,72,ZEEBRUGGE,10.9,138
200017423,2024-01-02T16:40:10.062600+00:00,51.41196,2.998074,12.6,221.9,218.6,72,ZEEBRUGGE,10.9,138
200017423,2024-01-02T16:50:37.188881+00:00,51.357505,2.949267,11.8,100.4,99.4,72,ZEEBRUGGE,10.9,138
200017423,2024-01-02T17:01:04.315162+00:00,51.334045,3.077372,10.4,243.5,244.3,72,ZEEBRUGGE,10.9,138
200017423,2024-01-02T17:11:31.441443+00:00,51.302563,3.014145,9.5,84.6,84.1,72,ZEEBRUGGE,10.9,138
200017423,2024-01-02T17:21:58.567725+00:00,51.318967,3.187137,8.9,276.7,274.5,72,ZEEBRUGGE,10.9,138
200017423,2024-01-02T17:32:25.694006+00:00,51.335056,3.050879,13.5,69.0,67.1,72,ZEEBRUGGE,10.9,138
200017423,2024-01-02T17:42:52.820287+00:00,51.359146,3.113706,11.7,150.6,154.9,72,ZEEBRUGGE,10.9,138
200017423,2024-01-02T17:53:19.946568+00:00,51.168743,3.220869,10.5,0.0,1.2,72,ZEEBRUGGE,10.9,138
200018153,2024-01-02T09:19:21.557718+00:00,53.466061,8.591554,9.9,309.6,311.0,80,ROTTERDAM,6.8,257
200018153,2024-01-02T09:36:12.445669+00:00,53.500583,8.481695,5.6,240.5,235.7,80,ROTTERDAM,6.8,257
200018153,2024-01-02T09:53:03.333619+00:00,53.387714,8.282535,9.8,232.0,232.4,80,ROTTERDAM,6.8,257
200018153,2024-01-02T10:09:54.221570+00:00,53.31752,8.192543,12.9,223.3,228.0,80,ROTTERDAM,6.8,257
200018153,2024-01-02T10:26:45.109520+00:00,53.237335,8.116863,8.4,281.2,286.2,80,ROTTERDAM,6.8,257
200018153,2024-01-02T10:43:35.997471+00:00,53.26266,7.989123,9.1,264.7,267.6,80,ROTTERDAM,6.8,257
200018153,2024-01-02T11:00:26.885421+00:00,53.244761,7.795021,9.1,225.9,227.1,80,ROTTERDAM,6.8,257
200018153,2024-01-02T11:17:17.773372+00:00,53.163666,7.711208,11.8,331.5,333.0,80,ROTTERDAM,6.8,257
200018153,2024-01-02T11:34:08.661323+00:00,53.211942,7.684942,9.3,249.3,251.5,80,ROTTERDAM,6.8,257
200018153,2024-01-02T11:50:59.549273+00:00,53.121489,7.445995,10.0,229.8,231.8,80,ROTTERDAM,6.8,257
200018153,2024-01-02T12:07:50.437224+00:00,52.984624,7.284091,6.6,243.7,247.9,80,ROTTERDAM,6.8,257
200018153,2024-01-02T12:24:41.325174+00:00,52.934099,7.181937,11.6,264.7,260.8,80,ROTTERDAM,6.8,257
200018153,2024-01-02T12:41:32.213125+00:00,52.923485,7.067109,10.2,230.6,226.3,80,ROTTERDAM,6.8,257
200018153,2024-01-02T12:58:23.101075+00:00,52.808099,6.926817,7.7,292.3,288.2,80,ROTTERDAM,6.8,257
200018153,2024-01-02T13:15:13.989026+00:00,52.858314,6.804682,6.5,245.6,246.1,80,ROTTERDAM,6.8,257
200018153,2024-01-02T13:32:04.876976+00:00,52.76808,6.605953,11.7,242.0,239.8,80,ROTTERDAM,6.8,257
200018153,2024-01-02T13:48:55.764927+00:00,52.712823,6.501868,9.6,252.0,248.1,80,ROTTERDAM,6.8,257
200018153,2024-01-02T14:05:46.652878+00:00,52.684348,6.414408,10.4,270.8,267.5,80,ROTTERDAM,6.8,257
200018153,2024-01-02T14:22:37.540828+00:00,52.686141,6.285487,13.8,229.3,226.3,80,ROTTERDAM,6.8,257
200018153,2024-01-02T14:39:28.428779+00:00,52.558548,6.137316,11.6,239.4,235.5,80,ROTTERDAM,6.8,257
200018153,2024-01-02T14:56:19.316729+00:00,52.494348,6.028649,12.6,285.0,287.4,80,ROTTERDAM,6.8,257
200018153,2024-01-02T15:13:10.204680+00:00,52.525436,5.912426,10.1,228.4,225.3,80,ROTTERDAM,6.8,257
200018153,2024-01-02T15:30:01.092630+00:00,52.448378,5.825721,11.2,237.2,236.7,80,ROTTERDAM,6.8,257
200018153,2024-01-02T15:46:51.980581+00:00,52.333951,5.648164,11.2,251.9,253.9,80,ROTTERDAM,6.8,257
200018153,2024-01-02T16:03:42.868532+00:00,52.300259,5.544955,8.9,257.0,256.5,80,ROTTERDAM,6.8,257
200018153,2024-01-02T16:20:33.756482+00:00,52.259769,5.369795,12.0,240.1,240.8,80,ROTTERDAM,6.8,257
200018153,2024-01-02T16:37:24.644433+00:00,52.218091,5.297355,8.6,225.4,227.2,80,ROTTERDAM,6.8,257
200018153,2024-01-02T16:54:15.532383+00:00,52.08217,5.159412,11.5,240.2,245.0,80,ROTTERDAM,6.8,257
200018153,2024-01-02T17:11:06.420334+00:00,52.022876,5.055791,10.8,262.8,259.6,80,ROTTERDAM,6.8,257
200018153,2024-01-02T17:27:57.308284+00:00,52.00563,4.920048,9.9,248.2,246.5,80,ROTTERDAM,6.8,257
200018153,2024-01-02T17:44:48.196235+00:00,51.951763,4.785687,9.5,258.2,255.4,80,ROTTERDAM,6.8,257
200018153,2024-01-02T18:01:39.084186+00:00,51.917809,4.623204,8.1,277.2,278.2,80,ROTTERDAM,6.8,257
200018153,2024-01-02T18:18:29.972136+00:00,51.931736,4.512247,8.5,0.0,0.6,80,ROTTERDAM,6.8,257
200019410,2024-01-02T11:24:03.209534+00:00,53.447361,9.920497,14.9,21.2,21.7,89,LE_HAVRE,10.2,265
200019410,2024-01-02T12:25:18.075140+00:00,53.371984,9.677807,17.0,270.3,272.7,89,LE_HAVRE,10.2,265
200019410,2024-01-02T13:26:32.940746+00:00,53.374022,9.316956,14.9,227.9,232.1,89,LE_HAVRE,10.2,265
200019410,2024-01-02T14:27:47.806352+00:00,53.2174,9.143643,18.6,221.4,225.8,89,LE_HAVRE,10.2,265
200019410,2024-01-02T15:29:02.671959+00:00,53.059299,9.004128,14.3,263.8,263.6,89,LE_HAVRE,10.2,265
200019410,2024-01-02T16:30:17.537565+00:00,53.027462,8.708839,18.7,249.1,244.8,89,LE_HAVRE,10.2,265
200019410,2024-01-02T17:31:32.403171+00:00,52.907328,8.395003,16.7,328.6,323.8,89,LE_HAVRE,10.2,265
200019410,2024-01-02T18:32:47.268777+00:00,52.989775,8.34462,16.1,234.5,237.6,89,LE_HAVRE,10.2,265
200019410,2024-01-02T19:34:02.134383+00:00,52.733768,7.986358,16.3,239.1,235.3,89,LE_HAVRE,10.2,265
200019410,2024-01-02T20:35:16.999989+00:00,52.60292,7.767997,14.0,268.2,265.5,89,LE_HAVRE,10.2,265
200019410,2024-01-02T21:36:31.865596+00:00,52.595392,7.529732,14.1,226.8,231.3,89,LE_HAVRE,10.2,265
200019410,2024-01-02T22:37:46.731202+00:00,52.334777,7.252352,16.7,269.8,273.6,89,LE_HAVRE,10.2,265
200019410,2024-01-02T23:39:01.596808+00:00,52.333984,6.995329,16.7,268.5,271.8,89,LE_HAVRE,10.2,265
200019410,2024-01-03T00:40:16.462414+00:00,52.331429,6.898767,15.0,235.4,231.1,89,LE_HAVRE,10.2,265
200019410,2024-01-03T01:41:31.328020+00:00,52.128336,6.603819,15.7,234.3,229.8,89,LE_HAVRE,10.2,265
200019410,2024-01-03T02:42:46.193626+00:00,51.94992,6.355731,17.2,263.0,265.0,89,LE_HAVRE,10.2,265
200019410,2024-01-03T03:44:01.059233+00:00,51.919228,6.104424,14.7,269.1,267.2,89,LE_HAVRE,10.2,265
200019410,2024-01-03T04:45:15.924839+00:00,51.914189,5.786419,12.8,219.5,221.9,89,LE_HAVRE,10.2,265
200019410,2024-01-03T05:46:30.790445+00:00,51.762706,5.661437,19.3,245.4,245.8,89,LE_HAVRE,10.2,265
200019410,2024-01-03T06:47:45.656051+00:00,51.604399,5.31638,16.8,243.8,248.6,89,LE_HAVRE,10.2,265
200019410,2024-01-03T07:49:00.521657+00:00,51.514518,5.133677,15.3,254.8,254.5,89,LE_HAVRE,10.2,265
200019410,2024-01-03T08:50:15.387263+00:00,51.423234,4.798518,14.9,258.8,255.2,89,LE_HAVRE,10.2,265
200019410,2024-01-03T09:51:30.252870+00:00,51.371718,4.53942,14.6,248.1,245.9,89,LE_HAVRE,10.2,265
200019410,2024-01-03T10:52:45.118476+00:00,51.323007,4.418354,18.6,249.3,249.4,89,LE_HAVRE,10.2,265
200019410,2024-01-03T11:53:59.984082+00:00,51.211158,4.12296,13.7,246.9,247.8,89,LE_HAVRE,10.2,265
200019410,2024-01-03T12:55:14.849688+00:00,51.083776,3.824932,17.0,211.0,213.3,89,LE_HAVRE,10.2,265
200019410,2024-01-03T13:56:29.715294+00:00,50.896832,3.712396,17.0,238.7,242.6,89,LE_HAVRE,10.2,265
200019410,2024-01-03T14:57:44.580900+00:00,50.799457,3.552346,17.8,269.1,269.3,89,LE_HAVRE,10.2,265
200019410,2024-01-03T15:58:59.446507+00:00,50.794955,3.276795,15.5,239.2,236.5,89,LE_HAVRE,10.2,265
200019410,2024-01-03T17:00:14.312113+00:00,50.603458,2.955427,19.1,259.6,263.0,89,LE_HAVRE,10.2,265
200019410,2024-01-03T18:01:29.177719+00:00,50.561892,2.729711,17.8,250.0,248.0,89,LE_HAVRE,10.2,265
200019410,2024-01-03T19:02:44.043325+00:00,50.490817,2.534629,15.4,233.3,235.5,89,LE_HAVRE,10.2,265
200019410,2024-01-03T20:03:58.908931+00:00,50.321169,2.307326,14.8,253.6,250.6,89,LE_HAVRE,10.2,265
200019410,2024-01-03T21:05:13.774537+00:00,50.229275,1.995018,16.0,256.9,257.1,89,LE_HAVRE,10.2,265
200019410,2024-01-03T22:06:28.640144+00:00,50.178221,1.77488,15.4,253.3,251.9,89,LE_HAVRE,10.2,265
200019410,2024-01-03T23:07:43.505750+00:00,50.110548,1.549177,14.5,252.9,249.7,89,LE_HAVRE,10.2,265
200019410,2024-01-04T00:08:58.371356+00:00,50.040881,1.322816,16.4,246.3,242.8,89,LE_HAVRE,10.2,265
200019410,2024-01-04T01:10:13.236962+00:00,49.920597,1.049444,15.7,242.5,245.5,89,LE_HAVRE,10.2,265
200019410,2024-01-04T02:11:28.102568+00:00,49.796366,0.811069,19.6,229.8,225.0,89,LE_HAVRE,10.2,265
200019410,2024-01-04T03:12:42.968174+00:00,49.657812,0.64704,15.4,245.3,245.0,89,LE_HAVRE,10.2,265
200019410,2024-01-04T04:13:57.833781+00:00,49.544016,0.3995,14.8,255.8,260.0,89,LE_HAVRE,10.2,265
200019410,2024-01-04T05:15:12.699387+00:00,49.474456,0.123871,16.3,0.0,3.8,89,LE_HAVRE,10.2,265
200016483,2024-01-02T16:03:04.140343+00:00,30.26141,-6.287554,74.9,83.5,78.7,89,HAMBURG,7.4,253
200011302,2024-01-02T14:12:28.586266+00:00,31.2851,-6.123834,66.0,246.9,246.2,89,LE_HAVRE,10.8,205
200007225,2024-01-02T00:15:50.880217+00:00,30.011176,-7.446697,60.6,99.1,98.2,80,HAMBURG,4.8,321
200012872,2024-01-02T11:14:09.403164+00:00,30.901557,-6.93203,72.2,66.1,65.5,70,ZEEBRUGGE,11.7,125
200009750,2024-01-02T05:49:55.865205+00:00,31.89633,-9.066269,83.7,60.3,63.2,80,AMSTERDAM,7.3,189
